sourate,verset,jummal,lettres
1,1,786,19
1,2,582,18
1,3,618,12
1,4,242,12
1,5,836,19
1,6,1073,19
1,7,6010,44
2,1,857,22
2,2,2221,27
2,3,3163,47
2,4,2640,52
2,5,896,33
2,6,4468,47
2,7,5371,53
2,8,1851,47
2,9,3440,49
2,10,4401,51
2,11,3189,43
2,12,1217,29
2,13,2624,77
2,14,4913,73
2,15,2096,34
2,16,5129,57
2,17,7810,72
2,18,807,19
2,19,5977,86
2,20,7410,102
2,21,4272,53
2,22,7491,99
2,23,4242,78
2,24,4186,66
2,25,10767,145
2,26,12676,155
2,27,5965,82
2,28,5072,60
2,29,5422,70
2,30,6148,111
2,31,3587,70
2,32,2007,48
2,33,6200,101
2,34,2754,63
2,35,7281,80
2,36,6638,86
2,37,2847,43
2,38,3024,68
2,39,3587,51
2,40,3846,69
2,41,5171,79
2,42,2855,42
2,43,1595,41
2,44,4503,55
2,45,2626,47
2,46,2805,38
2,47,4834,58
2,48,4615,69
2,49,6416,84
2,50,5594,50
2,51,5873,53
2,52,3009,30
2,53,3262,37
2,54,10176,121
2,55,6878,60
2,56,3061,30
2,57,6436,90
2,58,8702,95
2,59,7145,77
2,60,10300,118
2,61,21254,257
2,62,5658,108
2,63,7868,70
2,64,5876,54
2,65,4185,54
2,66,2955,45
2,67,6671,83
2,68,4743,80
2,69,4116,71
2,70,2990,62
2,71,7500,97
2,72,5073,45
2,73,5065,57
2,74,9651,141
2,75,3583,77
2,76,8331,101
2,77,1141,36
2,78,2223,45
2,79,6934,102
2,80,6319,91
2,81,3128,54
2,82,2699,52
2,83,10461,150
2,84,8178,71
2,85,18995,231
2,86,5094,63
2,87,9274,138
2,88,2537,46
2,89,5534,108
2,90,9857,107
2,91,5415,119
2,92,5327,51
2,93,9172,131
2,94,4893,67
2,95,2548,44
2,96,5211,102
2,97,3152,72
2,98,2176,55
2,99,1940,44
2,100,2538,44
2,101,6260,89
2,102,18514,308
2,103,2743,49
2,104,4629,65
2,105,8996,98
2,106,4535,61
2,107,3306,59
2,108,4338,73
2,109,6207,123
2,110,4244,76
2,111,3798,72
2,112,2268,58
2,113,9527,141
2,114,9182,113
2,115,3750,52
2,116,4545,56
2,117,4112,47
2,118,7343,103
2,119,2877,46
2,120,7144,112
2,121,4992,70
2,122,4834,58
2,123,3809,67
2,124,6206,83
2,125,6796,115
2,126,9558,122
2,127,4079,65
2,128,4722,76
2,129,4051,81
2,130,4125,74
2,131,2331,33
2,132,2967,70
2,133,6395,114
2,134,3827,54
2,135,2921,63
2,136,4395,135
2,137,4089,79
2,138,2913,37
2,139,2887,63
2,140,7153,127
2,141,3827,54
2,142,5638,89
2,143,10178,196
2,144,9869,146
2,145,11180,130
2,146,4285,73
2,147,1949,27
2,148,4250,75
2,149,5369,66
2,150,11848,138
2,151,4378,87
2,152,3415,32
2,153,2614,53
2,154,3162,50
2,155,4213,66
2,156,2868,45
2,157,1999,42
2,158,5372,89
2,159,3965,91
2,160,2948,57
2,161,2863,64
2,162,3859,37
2,163,885,35
2,164,13078,187
2,165,9236,123
2,166,6083,57
2,167,6873,96
2,168,4183,68
2,169,2374,50
2,170,3973,89
2,171,4393,66
2,172,3654,62
2,173,9388,93
2,174,6144,122
2,175,5734,61
2,176,4768,58
2,177,14010,266
2,178,11903,163
2,179,1793,39
2,180,6316,77
2,181,2676,54
2,182,4504,55
2,183,4493,61
2,184,10134,123
2,185,12470,185
2,186,4071,77
2,187,19813,286
2,188,4282,87
2,189,7401,120
2,190,3941,59
2,191,11389,130
2,192,2335,24
2,193,4340,65
2,194,6963,107
2,195,2213,66
2,196,20617,290
2,197,8357,121
2,198,11423,110
2,199,6551,49
2,200,9004,97
2,201,3659,57
2,202,978,35
2,203,7863,103
2,204,2398,65
2,205,3982,59
2,206,4285,52
2,207,4424,49
2,208,4577,67
2,209,2321,49
2,210,6513,72
2,211,2913,74
2,212,7109,93
2,213,14896,214
2,214,9885,127
2,215,6394,104
2,216,6441,93
2,217,13969,247
2,218,4903,72
2,219,8449,123
2,220,6951,118
2,221,13063,182
2,222,9624,122
2,223,5242,81
2,224,4600,66
2,225,6447,65
2,226,4615,54
2,227,879,29
2,228,11244,177
2,229,12910,193
2,230,6801,114
2,231,16932,203
2,232,12699,147
2,233,21290,288
2,234,9796,122
2,235,13834,200
2,236,8190,111
2,237,11893,140
2,238,2778,44
2,239,5685,65
2,240,8091,116
2,241,2436,34
2,242,2261,31
2,243,9227,106
2,244,1403,38
2,245,8549,69
2,246,13007,217
2,247,6059,165
2,248,6119,114
2,249,16160,240
2,250,5145,77
2,251,9215,122
2,252,2309,41
2,253,15538,208
2,254,5274,87
2,255,13685,189
2,256,7241,102
2,257,10346,118
2,258,12836,169
2,259,20364,249
2,260,9208,148
2,261,5953,97
2,262,5481,92
2,263,5381,44
2,264,10420,174
2,265,10773,123
2,266,12002,148
2,267,12514,125
2,268,4608,68
2,269,4810,65
2,270,5402,57
2,271,7373,89
2,272,8818,112
2,273,9919,134
2,274,3905,79
2,275,10993,186
2,276,2337,45
2,277,4230,87
2,278,3638,54
2,279,6695,72
2,280,5475,52
2,281,4419,54
2,282,39227,551
2,283,11428,138
2,284,7917,103
2,285,6041,118
2,286,12855,196
3,1,857,22
3,2,412,24
3,3,2077,53
3,4,5227,74
3,5,2656,37
3,6,2255,50
3,7,16344,197
3,8,4235,54
3,9,2028,47
3,10,4094,66
3,11,5613,68
3,12,4073,43
3,13,8019,116
3,14,7573,125
3,15,8686,107
3,16,4903,50
3,17,3871,54
3,18,1602,72
3,19,6421,107
3,20,7382,122
3,21,7380,88
3,22,3106,50
3,23,6237,81
3,24,4824,65
3,25,3908,53
3,26,8599,92
3,27,8286,86
3,28,7915,113
3,29,5256,79
3,30,6462,96
3,31,5810,62
3,32,1840,47
3,33,1459,48
3,34,3157,27
3,35,6175,66
3,36,11117,109
3,37,8504,138
3,38,2499,52
3,39,3305,92
3,40,5585,63
3,41,5717,80
3,42,2895,60
3,43,1997,37
3,44,6787,81
3,45,4842,91
3,46,796,33
3,47,6271,79
3,48,1505,35
3,49,11534,187
3,50,4982,80
3,51,2421,34
3,52,3231,86
3,53,2798,46
3,54,1839,30
3,55,10057,132
3,56,4853,60
3,57,3322,59
3,58,2970,32
3,59,3966,47
3,60,1893,25
3,61,5511,114
3,62,1917,54
3,63,1198,28
3,64,8135,129
3,65,3668,70
3,66,3795,75
3,67,2202,61
3,68,3850,66
3,69,3981,54
3,70,3069,39
3,71,3487,52
3,72,5085,79
3,73,6439,115
3,74,4927,34
3,75,6592,144
3,76,1680,36
3,77,7539,116
3,78,5645,120
3,79,6519,120
3,80,5148,67
3,81,13160,146
3,82,1962,29
3,83,5127,62
3,84,4062,126
3,85,5329,52
3,86,3611,83
3,87,1021,47
3,88,3859,37
3,89,4032,43
3,90,4738,62
3,91,6369,91
3,92,3842,56
3,93,5658,99
3,94,3956,44
3,95,2292,47
3,96,2896,42
3,97,5870,99
3,98,3075,50
3,99,6005,77
3,100,4483,69
3,101,5282,74
3,102,4193,54
3,103,12215,157
3,104,3417,70
3,105,5934,65
3,106,7218,81
3,107,3438,43
3,108,3260,49
3,109,2974,44
3,110,8539,113
3,111,3891,48
3,112,12740,152
3,113,2269,59
3,114,4603,84
3,115,2480,40
3,116,4867,77
3,117,8660,98
3,118,10967,125
3,119,12255,127
3,120,5915,88
3,121,4116,49
3,122,3854,57
3,123,3867,47
3,124,3745,60
3,125,4947,69
3,126,2569,68
3,127,3133,43
3,128,3440,45
3,129,6438,61
3,130,4933,62
3,131,2133,27
3,132,1396,29
3,133,5914,55
3,134,6359,71
3,135,10205,104
3,136,5449,70
3,137,5505,54
3,138,2652,29
3,139,2450,41
3,140,7276,105
3,141,1695,33
3,142,3526,60
3,143,5436,51
3,144,7142,107
3,145,7023,99
3,146,4606,88
3,147,5907,87
3,148,3009,50
3,149,4776,64
3,150,1494,26
3,151,4961,84
3,152,13511,166
3,153,9145,106
3,154,20591,291
3,155,6280,89
3,156,11817,157
3,157,4651,53
3,158,2654,28
3,159,11678,121
3,160,6392,75
3,161,7111,68
3,162,3314,53
3,163,1466,32
3,164,5979,107
3,165,4847,73
3,166,2305,47
3,167,7728,151
3,168,4688,74
3,169,3389,54
3,170,5939,78
3,171,3742,47
3,172,5167,69
3,173,3512,77
3,174,6178,64
3,175,4776,54
3,176,7541,87
3,177,4635,53
3,178,4499,74
3,179,10216,146
3,180,9825,122
3,181,7954,95
3,182,2764,37
3,183,8327,120
3,184,3862,55
3,185,6468,99
3,186,9582,108
3,187,11109,99
3,188,5299,86
3,189,2595,38
3,190,4546,57
3,191,9173,100
3,192,4507,45
3,193,6055,95
3,194,4409,58
3,195,15754,188
3,196,3099,29
3,197,1571,30
3,198,6650,85
3,199,6044,121
3,200,3092,57
4,1,8977,144
4,2,4280,82
4,3,8783,115
4,4,2777,58
4,5,3375,79
4,6,11925,186
4,7,5529,91
4,8,4346,70
4,9,7053,71
4,10,3756,63
4,11,16321,271
4,12,18892,299
4,13,6726,79
4,14,3708,55
4,15,6164,107
4,16,5131,70
4,17,4457,90
4,18,9443,106
4,19,13009,157
4,20,7738,83
4,21,8824,49
4,22,2530,63
4,23,22484,265
4,24,14678,185
4,25,24232,264
4,26,2704,61
4,27,4877,60
4,28,3181,34
4,29,6314,99
4,30,4092,53
4,31,4590,56
4,32,7711,108
4,33,4788,88
4,34,17457,192
4,35,4782,92
4,36,8512,158
4,37,6533,78
4,38,4271,85
4,39,3114,68
4,40,6098,55
4,41,2028,43
4,42,5127,61
4,43,14517,205
4,44,6184,64
4,45,1127,44
4,46,10295,177
4,47,5229,121
4,48,7737,69
4,49,3973,54
4,50,3704,40
4,51,7147,94
4,52,2394,43
4,53,2267,37
4,54,5115,80
4,55,1410,38
4,56,7080,95
4,57,8541,100
4,58,5583,102
4,59,8459,132
4,60,8003,125
4,61,3419,65
4,62,4121,73
4,63,5442,65
4,64,8657,105
4,65,5013,77
4,66,7340,107
4,67,2646,27
4,68,1103,21
4,69,3714,92
4,70,2182,28
4,71,4982,49
4,72,3159,63
4,73,4828,75
4,74,7743,93
4,75,9051,139
4,76,7670,98
4,77,17455,204
4,78,7931,143
4,79,2660,73
4,80,3016,49
4,81,7892,101
4,82,4758,56
4,83,8965,135
4,84,5704,87
4,85,4095,77
4,86,2886,57
4,87,2031,61
4,88,5605,88
4,89,11490,128
4,90,8574,168
4,91,9346,162
4,92,12892,235
4,93,6321,70
4,94,14911,170
4,95,9520,172
4,96,3982,37
4,97,10174,128
4,98,3519,64
4,99,2322,40
4,100,9636,122
4,101,8494,96
4,102,25306,281
4,103,7700,106
4,104,5668,94
4,105,3909,67
4,106,3547,30
4,107,4278,54
4,108,5997,82
4,109,2555,79
4,110,5481,50
4,111,1677,46
4,112,4164,54
4,113,10560,135
4,114,9035,97
4,115,5381,81
4,116,7262,67
4,117,1786,43
4,118,3606,36
4,119,10180,109
4,120,2306,35
4,121,643,32
4,122,6299,95
4,123,1968,72
4,124,4998,66
4,125,4465,73
4,126,2484,45
4,127,13345,178
4,128,9949,126
4,129,8355,102
4,130,3010,43
4,131,8917,129
4,132,2161,40
4,133,3896,49
4,134,3335,62
4,135,9866,163
4,136,9208,130
4,137,5992,78
4,138,1848,28
4,139,5559,71
4,140,10813,137
4,141,7658,161
4,142,4982,91
4,143,4289,58
4,144,5594,85
4,145,2251,45
4,146,5536,92
4,147,3496,48
4,148,2280,53
4,149,3864,49
4,150,8167,100
4,151,2442,43
4,152,4575,78
4,153,12829,162
4,154,8033,90
4,155,7246,103
4,156,2420,31
4,157,8275,128
4,158,816,32
4,159,2255,57
4,160,4506,60
4,161,4224,73
4,162,6537,136
4,163,3324,131
4,164,2780,58
4,165,3183,66
4,166,1939,61
4,167,3434,43
4,168,4204,50
4,169,2532,44
4,170,5279,99
4,171,11694,216
4,172,4620,87
4,173,8050,129
4,174,1555,50
4,175,4961,73
4,176,15540,191
5,1,6125,116
5,2,15946,242
5,3,25362,278
5,4,6775,137
5,5,15726,201
5,6,16070,281
5,7,7322,86
5,8,6535,117
5,9,4379,47
5,10,2565,40
5,11,5834,107
5,12,18022,207
5,13,9293,141
5,14,10020,119
5,15,6315,92
5,16,6494,80
5,17,8962,157
5,18,10294,134
5,19,7259,107
5,20,5237,92
5,21,6106,70
5,22,4857,75
5,23,7888,100
5,24,3708,69
5,25,2516,52
5,26,3958,62
5,27,6867,99
5,28,3732,64
5,29,4716,56
5,30,3779,38
5,31,9999,106
5,32,12260,162
5,33,11206,140
5,34,4261,52
5,35,4082,68
5,36,6581,88
5,37,3621,49
5,38,1779,64
5,39,4240,49
5,40,6199,71
5,41,22308,281
5,42,7935,113
5,43,3619,68
5,44,12479,195
5,45,7178,140
5,46,6551,117
5,47,1528,66
5,48,11292,228
5,49,8632,136
5,50,2140,45
5,51,7810,104
5,52,8155,116
5,53,4322,80
5,54,8832,158
5,55,3570,68
5,56,3189,48
5,57,9561,109
5,58,4543,54
5,59,3365,77
5,60,9462,110
5,61,3925,68
5,62,3737,63
5,63,2748,67
5,64,13082,218
5,65,3689,62
5,66,5211,104
5,67,6125,94
5,68,8033,129
5,69,4953,92
5,70,6517,89
5,71,4918,78
5,72,6641,139
5,73,6996,96
5,74,4126,40
5,75,6954,98
5,76,2855,58
5,77,8640,90
5,78,4067,71
5,79,1719,42
5,80,6651,78
5,81,3741,70
5,82,8839,128
5,83,5972,89
5,84,2386,63
5,85,4943,67
5,86,2565,40
5,87,3952,69
5,88,2680,52
5,89,17078,205
5,90,4729,82
5,91,7058,92
5,92,4512,72
5,93,6874,116
5,94,7122,104
5,95,13564,196
5,96,5415,86
5,97,6472,119
5,98,2454,37
5,99,3262,45
5,100,5397,73
5,101,6465,100
5,102,1646,34
5,103,4852,85
5,104,3815,100
5,105,6886,86
5,106,19517,213
5,107,9994,128
5,108,4852,99
5,109,4082,59
5,110,25584,280
5,111,2840,61
5,112,4518,86
5,113,3089,66
5,114,5296,97
5,115,4105,70
5,116,10502,153
5,117,7452,108
5,118,4189,47
5,119,9131,102
5,120,2726,42
6,1,7843,88
6,2,5632,49
6,3,3319,52
6,4,3164,42
6,5,2596,53
6,6,8756,138
6,7,3905,66
6,8,3775,53
6,9,1248,44
6,10,3815,56
6,11,4439,41
6,12,6261,100
6,13,1105,37
6,14,7856,92
6,15,3555,29
6,16,2811,36
6,17,3840,56
6,18,1591,32
6,19,9182,137
6,20,4962,68
6,21,5208,54
6,22,5385,57
6,23,3333,43
6,24,4202,41
6,25,7067,133
6,26,1674,47
6,27,4837,68
6,28,2735,60
6,29,1643,39
6,30,6558,76
6,31,9412,111
6,32,4451,60
6,33,4162,66
6,34,6458,90
6,35,8814,114
6,36,3715,50
6,37,2661,67
6,38,5309,82
6,39,6608,71
6,40,5812,62
6,41,3628,46
6,42,5171,57
6,43,4212,63
6,44,8001,79
6,45,2999,42
6,46,8983,90
6,47,5148,56
6,48,4059,64
6,49,3377,43
6,50,5974,103
6,51,4980,65
6,52,7595,105
6,53,4763,71
6,54,7414,108
6,55,2903,35
6,56,5824,74
6,57,4792,77
6,58,4107,59
6,59,7459,113
6,60,7746,95
6,61,5435,71
6,62,1795,48
6,63,6905,73
6,64,2800,36
6,65,9492,105
6,66,1915,32
6,67,1681,21
6,68,12839,103
6,69,3898,47
6,70,13914,175
6,71,8981,160
6,72,2658,38
6,73,7810,106
6,74,5186,58
6,75,3867,50
6,76,2366,54
6,77,4983,69
6,78,6067,65
6,79,4124,53
6,80,6519,92
6,81,6612,93
6,82,3013,52
6,83,3857,58
6,84,4254,100
6,85,912,34
6,86,1939,44
6,87,3856,56
6,88,2554,59
6,89,3440,81
6,90,3508,66
6,91,13489,171
6,92,8271,102
6,93,16839,201
6,94,11442,128
6,95,4933,69
6,96,3391,62
6,97,5056,69
6,98,4165,59
6,99,17873,187
6,100,5429,68
6,101,4199,65
6,102,3042,53
6,103,2581,43
6,104,3273,59
6,105,3027,44
6,106,2870,44
6,107,3075,53
6,108,6170,103
6,109,4090,90
6,110,3993,60
6,111,4046,100
6,112,8706,95
6,113,6357,62
6,114,8579,105
6,115,2906,48
6,116,6315,63
6,117,2282,39
6,118,2596,40
6,119,8706,116
6,120,5329,59
6,121,4441,96
6,122,6597,100
6,123,3637,69
6,124,9579,118
6,125,7131,110
6,126,3845,41
6,127,1248,41
6,128,12083,151
6,129,3948,38
6,130,8574,134
6,131,3796,38
6,132,2621,37
6,133,7698,71
6,134,1779,27
6,135,4428,75
6,136,7225,128
6,137,6697,96
6,138,7946,117
6,139,5425,95
6,140,7031,83
6,141,14991,145
6,142,4197,70
6,143,8460,106
6,144,15258,167
6,145,10240,128
6,146,11709,122
6,147,3442,51
6,148,13139,142
6,149,2083,36
6,150,9442,118
6,151,11709,180
6,152,10164,149
6,153,6576,75
6,154,5034,75
6,155,3514,44
6,156,4330,61
6,157,8304,144
6,158,13571,138
6,159,4338,77
6,160,3600,64
6,161,3072,66
6,162,1929,39
6,163,2351,32
6,164,9639,104
6,165,8812,86
7,1,947,23
7,2,4052,50
7,3,3770,57
7,4,1452,43
7,5,2558,46
7,6,2117,36
7,7,1888,27
7,8,2761,45
7,9,4958,56
7,10,3388,48
7,11,3653,73
7,12,6132,57
7,13,4177,50
7,14,2077,21
7,15,1573,16
7,16,3062,36
7,17,4765,66
7,18,3399,54
7,19,5963,70
7,20,5790,105
7,21,765,26
7,22,8371,130
7,23,5489,54
7,24,4713,48
7,25,3066,34
7,26,6581,83
7,27,7084,138
7,28,4424,94
7,29,3016,69
7,30,5190,78
7,31,4174,64
7,32,6968,111
7,33,8298,110
7,34,3233,47
7,35,3960,74
7,36,4096,58
7,37,11256,157
7,38,14547,161
7,39,5728,62
7,40,7449,104
7,41,3855,42
7,42,3275,70
7,43,10550,150
7,44,5935,110
7,45,3646,48
7,46,3059,87
7,47,5058,62
7,48,4698,72
7,49,4631,68
7,50,3491,87
7,51,6722,95
7,52,1796,45
7,53,12319,146
7,54,13273,145
7,55,3228,35
7,56,4243,65
7,57,11866,123
7,58,7551,72
7,59,5485,76
7,60,1880,32
7,61,2202,39
7,62,3213,44
7,63,5296,59
7,64,6010,71
7,65,3763,57
7,66,4178,58
7,67,1487,39
7,68,2395,30
7,69,9215,113
7,70,4060,71
7,71,8963,107
7,72,4207,66
7,73,10833,132
7,74,11591,113
7,75,6667,96
7,76,3302,37
7,77,4081,66
7,78,3277,33
7,79,4607,63
7,80,3044,53
7,81,2977,46
7,82,3105,54
7,83,2781,36
7,84,2676,40
7,85,10464,156
7,86,9062,107
7,87,4258,83
7,88,6886,93
7,89,9472,159
7,90,4724,53
7,91,3277,33
7,92,6185,59
7,93,5038,64
7,94,4820,59
7,95,6921,82
7,96,6271,85
7,97,1802,40
7,98,2143,38
7,99,2200,44
7,100,5177,79
7,101,5645,102
7,102,2294,41
7,103,5423,71
7,104,1551,34
7,105,2757,65
7,106,2469,36
7,107,1909,24
7,108,3034,26
7,109,2081,32
7,110,3818,30
7,111,2052,34
7,112,908,16
7,113,2580,46
7,114,961,22
7,115,1492,40
7,116,3139,55
7,117,2217,41
7,118,767,25
7,119,2772,25
7,120,579,17
7,121,666,20
7,122,586,12
7,123,6287,77
7,124,2423,41
7,125,762,22
7,126,4858,66
7,127,7389,100
7,128,4719,76
7,129,7821,88
7,130,4801,47
7,131,5247,94
7,132,2429,47
7,133,4676,80
7,134,4016,90
7,135,3555,43
7,136,5178,60
7,137,11525,139
7,138,3584,99
7,139,1290,36
7,140,3847,40
7,141,6237,85
7,142,7821,109
7,143,11077,165
7,144,5024,65
7,145,7386,89
7,146,14847,153
7,147,4040,63
7,148,6898,89
7,149,5142,74
7,150,13954,172
7,151,4797,46
7,152,7658,69
7,153,4701,59
7,154,6909,63
7,155,16808,170
7,156,9579,129
7,157,14854,222
7,158,7695,141
7,159,803,32
7,160,14918,200
7,161,7356,93
7,162,6490,73
7,163,10243,118
7,164,7428,81
7,165,6898,79
7,166,2355,41
7,167,6786,80
7,168,4511,77
7,169,18921,172
7,170,3227,52
7,171,8058,79
7,172,9987,104
7,173,3627,64
7,174,1989,27
7,175,5531,64
7,176,12351,132
7,177,4151,47
7,178,2862,42
7,179,6991,122
7,180,3018,69
7,181,1362,31
7,182,3658,40
7,183,757,18
7,184,2287,40
7,185,6729,88
7,186,3539,40
7,187,9506,153
7,188,8656,104
7,189,9770,125
7,190,3323,55
7,191,2567,28
7,192,1747,33
7,193,3181,56
7,194,4011,64
7,195,6106,99
7,196,2148,39
7,197,3207,47
7,198,3260,52
7,199,3444,32
7,200,4498,44
7,201,5330,50
7,202,3022,31
7,203,5765,89
7,204,3541,41
7,205,7184,69
7,206,2890,48
8,1,5249,108
8,2,6981,82
8,3,1950,34
8,4,3412,47
8,5,2847,47
8,6,3056,51
8,7,7336,101
8,8,1054,33
8,9,4955,52
8,10,2534,67
8,11,6524,99
8,12,7907,103
8,13,3328,58
8,14,3220,30
8,15,4230,54
8,16,5849,81
8,17,5358,86
8,18,1440,26
8,19,8971,97
8,20,3115,54
8,21,2008,36
8,22,2127,39
8,23,3388,49
8,24,4707,95
8,25,5039,58
8,26,10071,95
8,27,5125,61
8,28,2503,48
8,29,7769,82
8,30,6392,74
8,31,5702,69
8,32,4419,72
8,33,4531,52
8,34,3853,93
8,35,4866,58
8,36,7338,98
8,37,6494,81
8,38,5676,59
8,39,3697,66
8,40,1806,46
8,41,9187,150
8,42,8093,149
8,43,6692,88
8,44,6294,88
8,45,5779,61
8,46,4253,67
8,47,3905,76
8,48,8554,140
8,49,5774,74
8,50,6427,67
8,51,2764,37
8,52,5367,74
8,53,5185,68
8,54,6915,82
8,55,2201,38
8,56,4119,44
8,57,4265,43
8,58,4098,55
8,59,1707,35
8,60,8815,134
8,61,1590,50
8,62,2705,53
8,63,3731,76
8,64,1183,37
8,65,8062,115
8,66,7664,107
8,67,6560,78
8,68,4663,39
8,69,4081,46
8,70,8125,94
8,71,3125,54
8,72,11754,209
8,73,6075,57
8,74,4992,85
8,75,5153,95
9,1,2765,41
9,2,4914,64
9,3,10248,135
9,4,6750,98
9,5,10846,133
9,6,5485,74
9,7,5822,105
9,8,5710,77
9,9,3041,56
9,10,2158,39
9,11,3395,68
9,12,3432,79
9,13,7264,93
9,14,3839,59
9,15,4118,45
9,16,7071,102
9,17,4180,83
9,18,4691,99
9,19,5098,110
9,20,3478,80
9,21,3208,44
9,22,2269,31
9,23,6983,97
9,24,10684,170
9,25,10723,96
9,26,5869,83
9,27,4068,40
9,28,7972,113
9,29,7782,123
9,30,6470,107
9,31,4635,102
9,32,2453,64
9,33,3929,60
9,34,7903,139
9,35,6055,84
9,36,12101,160
9,37,5389,134
9,38,9164,122
9,39,7022,70
9,40,12732,176
9,41,5266,71
9,42,7219,113
9,43,4945,52
9,44,4521,77
9,45,5649,70
9,46,3727,71
9,47,6860,86
9,48,5118,64
9,49,3670,63
9,50,4890,65
9,51,2135,56
9,52,5315,93
9,53,2528,47
9,54,4021,95
9,55,3503,81
9,56,1519,45
9,57,2801,44
9,58,4176,62
9,59,5670,82
9,60,5888,118
9,61,9277,114
9,62,3333,55
9,63,4470,64
9,64,6048,73
9,65,5012,64
9,66,4962,67
9,67,6528,105
9,68,4136,79
9,69,16378,168
9,70,8538,125
9,71,6205,132
9,72,8246,107
9,73,3572,62
9,74,11299,190
9,75,2771,52
9,76,3915,37
9,77,2975,67
9,78,2224,47
9,79,6310,93
9,80,10534,103
9,81,6002,118
9,82,2213,43
9,83,9041,112
9,84,3838,71
9,85,3364,74
9,86,5198,82
9,87,2798,46
9,88,3577,76
9,89,5191,56
9,90,6706,80
9,91,7448,103
9,92,6134,90
9,93,6356,86
9,94,11517,132
9,95,5645,88
9,96,5456,59
9,97,2480,69
9,98,5660,71
9,99,9030,113
9,100,10060,128
9,101,7087,99
9,102,6722,74
9,103,4347,65
9,104,3950,67
9,105,5110,85
9,106,3289,54
9,107,8445,117
9,108,4097,86
9,109,6569,101
9,110,2672,61
9,111,10459,174
9,112,4805,109
9,113,5130,84
9,114,4535,88
9,115,3835,61
9,116,3199,61
9,117,7066,109
9,118,12413,127
9,119,1976,41
9,120,12774,199
9,121,3595,77
9,122,6294,102
9,123,5981,78
9,124,5990,82
9,125,4164,54
9,126,4312,56
9,127,7010,79
9,128,2898,60
9,129,3882,54
10,1,2442,41
10,2,5908,99
10,3,10569,113
10,4,7353,126
10,5,6934,101
10,6,5341,62
10,7,5205,71
10,8,711,30
10,9,4713,74
10,10,3131,66
10,11,7171,86
10,12,7646,104
10,13,4910,87
10,14,4744,42
10,15,12071,138
10,16,4468,65
10,17,4594,54
10,18,6799,123
10,19,5051,71
10,20,5841,68
10,21,7683,84
10,22,10215,166
10,23,9302,113
10,24,16646,198
10,25,1998,45
10,26,4117,72
10,27,8680,118
10,28,6258,89
10,29,2799,46
10,30,3847,63
10,31,7819,114
10,32,4265,48
10,33,3427,39
10,34,4669,63
10,35,3668,97
10,36,5517,60
10,37,5647,83
10,38,4586,66
10,39,7252,81
10,40,1365,45
10,41,3440,60
10,42,2608,47
10,43,3063,45
10,44,3111,42
10,45,6102,87
10,46,4635,63
10,47,3893,49
10,48,2291,30
10,49,5389,81
10,50,4531,53
10,51,3726,39
10,52,6352,52
10,53,2007,43
10,54,7649,84
10,55,3302,58
10,56,1296,22
10,57,3532,63
10,58,4097,44
10,59,4898,73
10,60,7210,76
10,61,12578,141
10,62,1283,36
10,63,1539,21
10,64,4792,65
10,65,1069,42
10,66,6975,90
10,67,4079,61
10,68,7668,96
10,69,2862,35
10,70,4772,59
10,71,11911,136
10,72,3582,60
10,73,8414,87
10,74,5586,93
10,75,4105,69
10,76,1900,38
10,77,2640,48
10,78,4344,77
10,79,1491,26
10,80,1678,39
10,81,2270,64
10,82,1464,33
10,83,5974,85
10,84,3019,52
10,85,3542,48
10,86,1439,26
10,87,4097,83
10,88,6625,131
10,89,3974,51
10,90,8345,118
10,91,1735,28
10,92,4550,61
10,93,6670,109
10,94,5426,85
10,95,4251,44
10,96,2410,30
10,97,2109,33
10,98,5290,94
10,99,4124,60
10,100,3347,53
10,101,7093,60
10,102,7850,64
10,103,3259,45
10,104,5801,100
10,105,1809,38
10,106,4812,55
10,107,6585,85
10,108,4767,87
10,109,2463,45
11,1,4530,55
11,2,2387,35
11,3,10065,98
11,4,1282,28
11,5,7275,85
11,6,4011,64
11,7,9513,127
11,8,4557,93
11,9,2782,47
11,10,5533,56
11,11,3745,48
11,12,5977,95
11,13,6282,75
11,14,2348,64
11,15,2426,62
11,16,3026,65
11,17,6608,146
11,18,8186,100
11,19,3691,50
11,20,5338,100
11,21,3827,41
11,22,2290,27
11,23,4048,67
11,24,4578,61
11,25,1952,35
11,26,2486,40
11,27,9474,113
11,28,4665,81
11,29,3749,92
11,30,3016,38
11,31,8433,123
11,32,4093,59
11,33,1850,38
11,34,4014,66
11,35,3703,52
11,36,2301,58
11,37,5102,55
11,38,6222,73
11,39,3875,42
11,40,4844,94
11,41,3031,48
11,42,2880,73
11,43,3839,86
11,44,7268,84
11,45,1987,56
11,46,4832,76
11,47,5269,63
11,48,4064,72
11,49,5711,75
11,50,4045,63
11,51,2925,52
11,52,6251,82
11,53,2692,61
11,54,4611,65
11,55,2636,28
11,56,4942,65
11,57,9457,81
11,58,4828,61
11,59,2799,50
11,60,2874,68
11,61,9225,111
11,62,4412,83
11,63,7256,85
11,64,6955,70
11,65,5841,47
11,66,4083,73
11,67,4361,41
11,68,3180,44
11,69,3804,63
11,70,4125,68
11,71,3590,48
11,72,4096,48
11,73,3243,60
11,74,2883,48
11,75,543,22
11,76,5590,54
11,77,3983,48
11,78,6474,109
11,79,2647,43
11,80,1084,30
11,81,4898,118
11,82,2629,57
11,83,1799,31
11,84,7002,110
11,85,4722,74
11,86,3504,42
11,87,4759,82
11,88,7523,137
11,89,3132,78
11,90,3558,37
11,91,5022,79
11,92,5428,65
11,93,5946,82
11,94,6988,86
11,95,2634,37
11,96,1321,31
11,97,2955,44
11,98,1772,46
11,99,2438,42
11,100,1976,36
11,101,8521,94
11,102,7396,44
11,103,5657,57
11,104,1128,20
11,105,2743,36
11,106,2661,37
11,107,4200,57
11,108,7430,75
11,109,3683,77
11,110,5436,72
11,111,1936,43
11,112,4462,46
11,113,5304,66
11,114,5806,68
11,115,1870,29
11,116,6757,110
11,117,2020,35
11,118,2262,42
11,119,4067,61
11,120,5193,69
11,121,2227,41
11,122,3262,18
11,123,6150,73
12,1,2466,41
12,2,1677,31
12,3,4252,64
12,4,4392,63
12,5,3361,63
12,6,6012,106
12,7,2102,30
12,8,3320,57
12,9,3745,59
12,10,5753,68
12,11,1412,43
12,12,3428,34
12,13,4866,54
12,14,3009,38
12,15,5140,76
12,16,527,20
12,17,5109,80
12,18,4339,73
12,19,5549,77
12,20,2527,42
12,21,12145,138
12,22,3197,43
12,23,7703,91
12,24,4440,76
12,25,4018,89
12,26,4182,68
12,27,2368,36
12,28,2563,43
12,29,5954,42
12,30,5561,73
12,31,9894,131
12,32,7080,84
12,33,2369,68
12,34,1912,41
12,35,2174,38
12,36,7618,115
12,37,7331,112
12,38,6711,104
12,39,2653,46
12,40,5719,127
12,41,7338,86
12,42,7043,70
12,43,8040,105
12,44,3438,41
12,45,2477,50
12,46,6958,96
12,47,3856,57
12,48,4027,53
12,49,4263,39
12,50,3586,92
12,51,6910,110
12,52,3731,47
12,53,3449,54
12,54,3009,61
12,55,3314,33
12,56,6255,72
12,57,3455,35
12,58,2542,39
12,59,3687,72
12,60,2265,35
12,61,918,29
12,62,4641,74
12,63,3929,71
12,64,4576,66
12,65,10787,114
12,66,5735,88
12,67,7314,111
12,68,7405,110
12,69,3835,62
12,70,4901,65
12,71,1821,27
12,72,1350,44
12,73,3308,48
12,74,1625,25
12,75,2611,45
12,76,10560,123
12,77,5038,84
12,78,3747,63
12,79,5098,50
12,80,10152,139
12,81,4080,72
12,82,2429,53
12,83,2963,70
12,84,3784,51
12,85,5584,49
12,86,2221,47
12,87,4291,81
12,88,5451,101
12,89,3474,39
12,90,5465,84
12,91,2524,39
12,92,3583,46
12,93,3491,56
12,94,2354,47
12,95,1861,27
12,96,3453,72
12,97,3638,39
12,98,3993,35
12,99,2824,55
12,100,10904,169
12,101,7633,105
12,102,4169,57
12,103,1848,26
12,104,2267,36
12,105,3625,49
12,106,1686,30
12,107,6486,59
12,108,3271,67
12,109,9733,123
12,110,5927,79
12,111,5517,94
13,1,4882,79
13,2,9912,115
13,3,8767,101
13,4,10637,111
13,5,7396,112
13,6,7935,90
13,7,3608,56
13,8,5190,58
13,9,2371,30
13,10,2995,54
13,11,8567,121
13,12,3318,42
13,13,3740,86
13,14,6418,107
13,15,4437,55
13,16,15858,188
13,17,13272,182
13,18,6465,118
13,19,2787,58
13,20,2825,34
13,21,3666,54
13,22,5344,101
13,23,4231,72
13,24,1734,30
13,25,5623,94
13,26,3359,74
13,27,3547,67
13,28,4273,52
13,29,1872,38
13,30,7287,106
13,31,11272,193
13,32,5565,55
13,33,8687,139
13,34,3611,53
13,35,7459,89
13,36,5541,101
13,37,3230,74
13,38,4512,82
13,39,2031,32
13,40,4468,58
13,41,3477,68
13,42,3987,71
13,43,3718,64
14,1,6399,91
14,2,4335,54
14,3,5143,76
14,4,3354,75
14,5,7227,86
14,6,8821,117
14,7,5350,48
14,8,4193,50
14,9,8503,157
14,10,11013,143
14,11,5975,112
14,12,4284,78
14,13,6598,78
14,14,4088,43
14,15,1961,23
14,16,836,25
14,17,6546,62
14,18,6879,90
14,19,5545,56
14,20,1069,18
14,21,8570,138
14,22,13924,187
14,23,7384,83
14,24,4710,59
14,25,5371,55
14,26,6713,49
14,27,6733,84
14,28,3161,50
14,29,900,21
14,30,3247,53
14,31,4286,86
14,32,9607,107
14,33,3191,43
14,34,4447,61
14,35,2848,55
14,36,5132,58
14,37,9352,114
14,38,4598,61
14,39,2273,54
14,40,2996,39
14,41,2237,39
14,42,5903,60
14,43,2390,45
14,44,9003,109
14,45,5539,64
14,46,2251,51
14,47,3336,42
14,48,4985,50
14,49,2503,32
14,50,2861,31
14,51,1448,36
14,52,4347,60
15,1,2792,44
15,2,1705,30
15,3,2576,39
15,4,1242,31
15,5,2153,27
15,6,2316,37
15,7,1975,34
15,8,2565,39
15,9,2417,29
15,10,1322,28
15,11,1564,33
15,12,1537,23
15,13,1583,26
15,14,2416,39
15,15,1941,36
15,16,2080,37
15,17,1814,21
15,18,2052,29
15,19,2880,52
15,20,1798,34
15,21,2051,42
15,22,2893,63
15,23,1688,29
15,24,2939,42
15,25,1137,25
15,26,1790,33
15,27,1617,28
15,28,3197,45
15,29,3228,36
15,30,549,22
15,31,554,27
15,32,1113,31
15,33,2713,39
15,34,1515,20
15,35,565,24
15,36,2359,24
15,37,1653,17
15,38,851,18
15,39,4520,46
15,40,1115,20
15,41,1897,19
15,42,2396,41
15,43,524,20
15,44,662,30
15,45,1368,20
15,46,931,17
15,47,3642,40
15,48,1517,30
15,49,1868,26
15,50,1767,22
15,51,1382,18
15,52,2235,37
15,53,2455,28
15,54,2794,35
15,55,1774,32
15,56,1896,29
15,57,1357,23
15,58,1062,26
15,59,508,24
15,60,2505,29
15,61,649,20
15,62,754,16
15,63,1176,29
15,64,968,23
15,65,4697,62
15,66,2761,40
15,67,1215,22
15,68,2580,23
15,69,1680,18
15,70,692,23
15,71,1439,25
15,72,1482,24
15,73,2670,19
15,74,1400,41
15,75,1999,21
15,76,387,15
15,77,1193,19
15,78,1358,24
15,79,1176,28
15,80,1627,25
15,81,2430,30
15,82,1335,30
15,83,2170,19
15,84,1614,24
15,85,3985,69
15,86,1227,19
15,87,2916,36
15,88,3971,63
15,89,1373,21
15,90,1041,21
15,91,2213,20
15,92,748,19
15,93,395,14
15,94,2782,27
15,95,846,19
15,96,2406,34
15,97,1880,28
15,98,751,24
15,99,1365,22
16,1,3929,61
16,2,3354,68
16,3,3656,36
16,4,2792,30
16,5,2062,40
16,6,1806,31
16,7,4398,59
16,8,4198,48
16,9,1443,44
16,10,3058,47
16,11,5462,71
16,12,5624,71
16,13,5503,49
16,14,10860,100
16,15,3531,49
16,16,1200,22
16,17,3280,27
16,18,3001,39
16,19,1632,25
16,20,3148,41
16,21,3062,32
16,22,3381,55
16,23,2091,49
16,24,2562,40
16,25,4527,69
16,26,6598,86
16,27,7401,98
16,28,5373,82
16,29,3114,44
16,30,8400,90
16,31,5166,67
16,32,4324,64
16,33,7810,91
16,34,1724,43
16,35,7465,118
16,36,9433,122
16,37,2714,46
16,38,3219,73
16,39,4430,53
16,40,2091,37
16,41,4475,78
16,42,1975,25
16,43,3412,61
16,44,3723,63
16,45,6240,67
16,46,2378,28
16,47,3527,31
16,48,4764,67
16,49,3062,58
16,50,1920,32
16,51,3652,51
16,52,4298,48
16,53,3819,43
16,54,4930,38
16,55,2716,34
16,56,3914,57
16,57,1743,34
16,58,3909,37
16,59,3021,65
16,60,3585,58
16,61,7722,96
16,62,3941,71
16,63,3320,72
16,64,3945,63
16,65,3441,61
16,66,4742,69
16,67,6463,65
16,68,4104,54
16,69,8437,93
16,70,5091,74
16,71,7193,92
16,72,3486,98
16,73,3559,62
16,74,3579,42
16,75,6248,103
16,76,6563,109
16,77,4791,71
16,78,4582,75
16,79,4107,68
16,80,8026,119
16,81,7561,110
16,82,2073,29
16,83,3084,39
16,84,4734,51
16,85,5835,45
16,86,6370,91
16,87,3044,43
16,88,3695,59
16,89,4911,103
16,90,6758,81
16,91,5492,89
16,92,11212,131
16,93,4252,68
16,94,8789,83
16,95,4603,57
16,96,2650,64
16,97,3280,76
16,98,4019,40
16,99,2225,41
16,100,3120,41
16,101,3727,67
16,102,3748,56
16,103,3774,69
16,104,2621,48
16,105,3937,52
16,106,6905,94
16,107,3176,62
16,108,3180,56
16,109,2290,27
16,110,5477,65
16,111,4302,51
16,112,8163,107
16,113,4742,44
16,114,3013,57
16,115,8701,84
16,116,9089,94
16,117,1616,20
16,118,4516,66
16,119,5951,71
16,120,2040,43
16,121,2142,35
16,122,2111,42
16,123,2543,49
16,124,5019,75
16,125,4698,91
16,126,4260,53
16,127,3279,51
16,128,2582,32
17,1,5515,114
17,2,3992,57
17,3,2039,31
17,4,5298,60
17,5,3774,76
17,6,2946,57
17,7,7652,110
17,8,2455,49
17,9,4667,71
17,10,3337,42
17,11,2120,43
17,12,7433,116
17,13,3196,59
17,14,1365,31
17,15,7604,82
17,16,4393,68
17,17,3178,53
17,18,3637,71
17,19,2590,52
17,20,2206,45
17,21,7374,50
17,22,4406,36
17,23,5813,108
17,24,5028,51
17,25,3139,53
17,26,4625,45
17,27,3253,48
17,28,5057,50
17,29,3718,55
17,30,2771,48
17,31,4301,59
17,32,1536,34
17,33,5962,90
17,34,4278,71
17,35,4530,56
17,36,2124,57
17,37,6262,48
17,38,1574,24
17,39,4071,67
17,40,5098,59
17,41,3198,44
17,42,4253,48
17,43,1296,30
17,44,5921,87
17,45,4640,58
17,46,5474,82
17,47,6619,76
17,48,4669,42
17,49,4128,45
17,50,464,19
17,51,7398,100
17,52,3914,44
17,53,3536,71
17,54,2987,55
17,55,5941,68
17,56,4085,52
17,57,7786,84
17,58,4689,74
17,59,6599,92
17,60,6853,113
17,61,3013,58
17,62,6682,64
17,63,2287,41
17,64,6353,96
17,65,1000,35
17,66,4907,54
17,67,6356,73
17,68,3485,57
17,69,7409,87
17,70,6344,81
17,71,4185,70
17,72,3167,39
17,73,7365,63
17,74,2903,37
17,75,5617,48
17,76,5110,60
17,77,2724,42
17,78,3935,60
17,79,2208,46
17,80,4654,56
17,81,785,36
17,82,3588,57
17,83,3926,53
17,84,1905,40
17,85,2834,54
17,86,3437,50
17,87,1997,30
17,88,7728,76
17,89,3915,53
17,90,2863,37
17,91,3911,45
17,92,2781,53
17,93,6715,92
17,94,2974,58
17,95,3014,60
17,96,2155,47
17,97,5650,114
17,98,5810,71
17,99,7327,92
17,100,5784,63
17,101,5576,78
17,102,5325,67
17,103,3833,40
17,104,3963,61
17,105,2476,46
17,106,3099,45
17,107,5583,70
17,108,1294,35
17,109,2931,30
17,110,6676,90
17,111,5732,72
18,1,2712,61
18,2,4456,69
18,3,724,13
18,4,3703,27
18,5,3635,58
18,6,3607,46
18,7,1976,44
18,8,791,27
18,9,1894,42
18,10,3790,61
18,11,2515,30
18,12,2312,39
18,13,1787,48
18,14,5398,78
18,15,5908,75
18,16,4862,80
18,17,14296,127
18,18,8901,109
18,19,12529,173
18,20,3851,56
18,21,9928,142
18,22,10637,151
18,23,2961,25
18,24,5084,58
18,25,2603,37
18,26,5171,81
18,27,3063,54
18,28,9325,129
18,29,10495,129
18,30,3221,48
18,31,10275,123
18,32,4417,70
18,33,5018,50
18,34,2816,50
18,35,4619,41
18,36,3496,50
18,37,5041,57
18,38,1176,28
18,39,4575,63
18,40,3993,62
18,41,2563,30
18,42,4514,79
18,43,2202,39
18,44,2713,37
18,45,8303,102
18,46,4136,67
18,47,4476,52
18,48,4448,63
18,49,10543,122
18,50,7819,111
18,51,8199,59
18,52,3497,65
18,53,2868,51
18,54,3960,54
18,55,5916,83
18,56,7890,92
18,57,8741,118
18,58,5650,75
18,59,2448,43
18,60,4586,49
18,61,4508,49
18,62,3980,49
18,63,7440,85
18,64,3870,34
18,65,1892,51
18,66,2687,37
18,67,1644,21
18,68,2256,24
18,69,1871,36
18,70,4285,43
18,71,7166,65
18,72,1846,27
18,73,3966,38
18,74,7055,64
18,75,1896,29
18,76,4569,46
18,77,9059,103
18,78,3428,48
18,79,5481,76
18,80,4343,51
18,81,2224,40
18,82,10833,148
18,83,3267,38
18,84,2309,34
18,85,618,9
18,86,11077,91
18,87,5200,46
18,88,1731,50
18,89,1078,10
18,90,4631,53
18,91,1844,23
18,92,1078,10
18,93,3235,51
18,94,4863,78
18,95,2383,49
18,96,6910,77
18,97,2229,35
18,98,3083,49
18,99,4937,48
18,100,3483,27
18,101,4490,47
18,102,4498,65
18,103,1434,25
18,104,2725,49
18,105,3357,66
18,106,3721,42
18,107,3123,48
18,108,2061,25
18,109,3818,68
18,110,3926,92
19,1,981,24
19,2,2109,19
19,3,1720,17
19,4,3875,52
19,5,3451,52
19,6,3123,30
19,7,2681,45
19,8,5458,52
19,9,3739,43
19,10,2898,45
19,11,2449,46
19,12,2591,34
19,13,918,25
19,14,801,26
19,15,1529,34
19,16,4870,42
19,17,4791,51
19,18,2842,30
19,19,1991,32
19,20,3707,38
19,21,3441,57
19,22,2516,24
19,23,6172,57
19,24,3081,38
19,25,2556,35
19,26,5117,76
19,27,3121,41
19,28,3316,40
19,29,1850,38
19,30,1482,34
19,31,1902,49
19,32,1529,29
19,33,1937,36
19,34,3060,34
19,35,4637,53
19,36,2427,35
19,37,4206,47
19,38,3389,48
19,39,4745,46
19,40,2591,34
19,41,2125,35
19,42,3999,50
19,43,2468,50
19,44,2374,40
19,45,3563,46
19,46,4337,54
19,47,2693,35
19,48,2616,55
19,49,1846,60
19,50,1615,37
19,51,2912,41
19,52,1079,36
19,53,1826,29
19,54,2553,48
19,55,2057,41
19,56,2141,33
19,57,635,16
19,58,8591,129
19,59,5409,52
19,60,3228,51
19,61,3219,46
19,62,2707,46
19,63,2626,33
19,64,3423,61
19,65,3637,56
19,66,2528,31
19,67,2648,38
19,68,3787,43
19,69,2603,36
19,70,1843,29
19,71,2259,34
19,72,4580,36
19,73,6450,74
19,74,2184,35
19,75,6505,98
19,76,5169,62
19,77,2951,39
19,78,3428,28
19,79,1844,31
19,80,1711,22
19,81,2247,33
19,82,2109,33
19,83,2445,41
19,84,1135,25
19,85,1706,27
19,86,946,24
19,87,3030,37
19,88,2215,20
19,89,914,14
19,90,4979,44
19,91,531,16
19,92,3279,24
19,93,2707,38
19,94,479,17
19,95,1045,23
19,96,2242,43
19,97,3776,45
19,98,2411,46
20,1,800,21
20,2,1532,23
20,3,2397,15
20,4,3076,31
20,5,1517,19
20,6,3625,44
20,7,2108,30
20,8,504,29
20,9,1101,15
20,10,4135,68
20,11,756,19
20,12,1671,37
20,13,2435,23
20,14,1861,44
20,15,2630,39
20,16,1836,37
20,17,756,18
20,18,3587,48
20,19,395,14
20,20,1578,20
20,21,3508,32
20,22,5255,40
20,23,1126,19
20,24,2230,18
20,25,1186,15
20,26,567,10
20,27,495,16
20,28,348,10
20,29,510,18
20,30,873,8
20,31,534,10
20,32,873,12
20,33,901,12
20,34,1727,11
20,35,897,14
20,36,1295,20
20,37,1467,19
20,38,954,20
20,39,6777,93
20,40,11959,130
20,41,876,13
20,42,3734,31
20,43,2231,19
20,44,2872,30
20,45,2816,35
20,46,1914,27
20,47,4854,87
20,48,2502,35
20,49,691,17
20,50,2870,29
20,51,750,21
20,52,2376,35
20,53,4984,74
20,54,2069,39
20,55,3665,41
20,56,1747,28
20,57,3439,34
20,58,3572,60
20,59,2005,33
20,60,2115,23
20,61,5332,59
20,62,1382,30
20,63,6078,67
20,64,2401,42
20,65,1391,39
20,66,3086,49
20,67,1246,19
20,68,1956,21
20,69,3272,59
20,70,1411,37
20,71,8600,115
20,72,7509,76
20,73,4701,61
20,74,1970,42
20,75,2456,46
20,76,4469,49
20,77,5340,69
20,78,4076,37
20,79,1460,19
20,80,2104,75
20,81,6992,65
20,82,3234,35
20,83,584,20
20,84,3248,33
20,85,2474,36
20,86,8492,105
20,87,4365,75
20,88,3351,48
20,89,2367,44
20,90,3677,68
20,91,1733,37
20,92,2819,28
20,93,1856,18
20,94,6836,71
20,95,1205,17
20,96,7409,62
20,97,8729,104
20,98,1743,39
20,99,3280,44
20,100,1967,31
20,101,1255,30
20,102,3225,36
20,103,3280,27
20,104,3393,47
20,105,1189,32
20,106,1509,15
20,107,1296,20
20,108,4647,56
20,109,4309,44
20,110,1403,38
20,111,2694,35
20,112,3706,42
20,113,4554,62
20,114,3674,65
20,115,1064,36
20,116,1506,42
20,117,3380,49
20,118,1425,22
20,119,2800,21
20,120,2398,52
20,121,4495,65
20,122,1782,23
20,123,5126,70
20,124,4612,47
20,125,2375,28
20,126,4174,38
20,127,4150,50
20,128,3284,67
20,129,1412,35
20,130,5652,85
20,131,4077,75
20,132,2662,59
20,133,2406,53
20,134,5576,79
20,135,3573,50
21,1,4198,50
21,2,3239,42
21,3,6763,72
21,4,2330,44
21,5,4951,58
21,6,1515,35
21,7,3322,59
21,8,1433,42
21,9,2213,45
21,10,2641,37
21,11,3698,44
21,12,2270,29
21,13,4017,48
21,14,1400,24
21,15,2570,37
21,16,2317,35
21,17,4460,42
21,18,4211,53
21,19,4235,57
21,20,1307,26
21,21,3573,27
21,22,2374,52
21,23,641,22
21,24,8265,82
21,25,1589,53
21,26,2806,38
21,27,938,29
21,28,5273,59
21,29,3528,51
21,30,5919,80
21,31,3198,57
21,32,3324,39
21,33,3102,47
21,34,3059,40
21,35,4429,49
21,36,8493,72
21,37,2999,37
21,38,2291,30
21,39,3817,61
21,40,5461,45
21,41,3815,56
21,42,3691,50
21,43,2524,55
21,44,5498,82
21,45,3534,46
21,46,3357,47
21,47,6044,83
21,48,3853,43
21,49,3933,37
21,50,3012,33
21,51,1877,37
21,52,3995,45
21,53,431,25
21,54,2395,31
21,55,1520,31
21,56,4738,55
21,57,1705,35
21,58,2533,37
21,59,2841,34
21,60,2259,32
21,61,1566,35
21,62,2635,32
21,63,1908,39
21,64,2515,37
21,65,2082,36
21,66,2730,42
21,67,1764,34
21,68,2109,35
21,69,1243,33
21,70,1492,29
21,71,2322,42
21,72,1035,39
21,73,3310,83
21,74,4580,75
21,75,1852,29
21,76,3331,51
21,77,4692,61
21,78,5366,61
21,79,3007,72
21,80,2639,45
21,81,4108,65
21,82,4158,51
21,83,3296,41
21,84,5242,69
21,85,1891,34
21,86,1932,31
21,87,9788,83
21,88,3034,40
21,89,5160,43
21,90,5730,92
21,91,3105,57
21,92,1865,33
21,93,1457,30
21,94,2333,49
21,95,1259,32
21,96,2501,37
21,97,7562,75
21,98,1898,42
21,99,1297,35
21,100,882,26
21,101,2094,38
21,102,2626,38
21,103,4321,57
21,104,2540,66
21,105,4168,52
21,106,2224,23
21,107,955,25
21,108,1372,42
21,109,3462,50
21,110,1815,32
21,111,1658,29
21,112,2560,43
22,1,3354,59
22,2,9886,86
22,3,3046,44
22,4,3331,44
22,5,24428,262
22,6,2453,46
22,7,2203,43
22,8,2700,45
22,9,4957,61
22,10,2714,35
22,11,7064,101
22,12,3456,48
22,13,2751,41
22,14,5195,72
22,15,7941,85
22,16,2261,38
22,17,5397,102
22,18,8614,144
22,19,6517,69
22,20,635,23
22,21,448,15
22,22,4530,52
22,23,6715,98
22,24,828,38
22,25,6729,108
22,26,4486,76
22,27,3826,51
22,28,4250,94
22,29,4856,46
22,30,7634,100
22,31,6438,81
22,32,3425,36
22,33,2371,43
22,34,4564,89
22,35,4961,76
22,36,9112,128
22,37,4749,89
22,38,2472,44
22,39,4205,45
22,40,10702,148
22,41,4643,85
22,42,3145,36
22,43,608,18
22,44,4865,51
22,45,4207,61
22,46,6276,97
22,47,3735,60
22,48,4671,45
22,49,1596,31
22,50,3666,41
22,51,1929,41
22,52,6347,106
22,53,5625,74
22,54,6012,89
22,55,5993,64
22,56,3565,59
22,57,3404,41
22,58,5111,77
22,59,2906,35
22,60,5574,56
22,61,2534,60
22,62,2034,60
22,63,5456,55
22,64,3222,45
22,65,7918,101
22,66,3116,43
22,67,2543,67
22,68,1177,29
22,69,2811,41
22,70,4751,60
22,71,2677,63
22,72,10758,136
22,73,10019,122
22,74,1192,31
22,75,1620,45
22,76,2189,41
22,77,3447,63
22,78,8048,199
23,1,1232,33
23,2,2519,21
23,3,3195,21
23,4,1172,20
23,5,2251,21
23,6,2452,42
23,7,2895,30
23,8,1867,28
23,9,2579,25
23,10,906,15
23,11,2770,29
23,12,1489,28
23,13,1554,22
23,14,13920,104
23,15,2013,18
23,16,1922,22
23,17,3789,41
23,18,3329,56
23,19,3586,56
23,20,4357,40
23,21,3038,66
23,22,933,21
23,23,3797,63
23,24,7215,104
23,25,1664,30
23,26,1555,19
23,27,9279,138
23,28,5140,62
23,29,2363,37
23,30,2023,25
23,31,2366,24
23,32,3730,55
23,33,8520,111
23,34,3509,32
23,35,4586,42
23,36,1449,19
23,37,2070,42
23,38,2305,41
23,39,1555,19
23,40,757,22
23,41,5317,48
23,42,2372,25
23,43,2153,27
23,44,7059,85
23,45,2596,39
23,46,1700,37
23,47,1990,38
23,48,1288,24
23,49,1822,30
23,50,2723,48
23,51,2083,52
23,52,2295,33
23,53,1812,39
23,54,3286,19
23,55,654,28
23,56,2487,27
23,57,2715,25
23,58,1665,23
23,59,1708,21
23,60,2665,45
23,61,2102,33
23,62,2534,49
23,63,3747,47
23,64,5070,36
23,65,1758,28
23,66,3557,41
23,67,1755,21
23,68,1332,42
23,69,1345,27
23,70,1753,42
23,71,6987,75
23,72,4523,37
23,73,1623,24
23,74,2490,38
23,75,3477,45
23,76,4863,44
23,77,4642,44
23,78,3057,48
23,79,3857,30
23,80,3577,47
23,81,1036,22
23,82,3788,40
23,83,2566,47
23,84,2631,29
23,85,1945,22
23,86,2984,33
23,87,1525,21
23,88,2861,48
23,89,1322,22
23,90,1591,26
23,91,7165,80
23,92,2824,32
23,93,1231,20
23,94,2205,26
23,95,1100,27
23,96,1376,36
23,97,2091,26
23,98,2132,17
23,99,2323,30
23,100,3825,65
23,101,3622,43
23,102,1756,30
23,103,4215,47
23,104,1127,28
23,105,3749,34
23,106,3956,37
23,107,2619,31
23,108,1488,22
23,109,4596,61
23,110,6603,43
23,111,1281,36
23,112,2533,24
23,113,2051,34
23,114,2610,34
23,115,3066,40
23,116,2131,42
23,117,2707,63
23,118,3481,29
24,1,5027,70
24,2,6691,122
24,3,3128,73
24,4,5624,94
24,5,4032,43
24,6,3943,81
24,7,2551,37
24,8,3953,50
24,9,3276,37
24,10,2488,38
24,11,8386,102
24,12,5238,59
24,13,3590,65
24,14,6437,63
24,15,4856,70
24,16,5797,56
24,17,3014,38
24,18,977,31
24,19,6457,85
24,20,2546,38
24,21,9636,150
24,22,7515,121
24,23,6939,68
24,24,2194,47
24,25,1843,49
24,26,9382,99
24,27,9443,85
24,28,5085,87
24,29,5619,70
24,30,6088,66
24,31,25614,350
24,32,3967,83
24,33,21041,217
24,34,5359,61
24,35,13447,203
24,36,4677,55
24,37,5708,87
24,38,3639,58
24,39,5429,99
24,40,10080,108
24,41,5310,83
24,42,2222,35
24,43,8798,140
24,44,2202,44
24,45,5866,106
24,46,2682,47
24,47,3620,70
24,48,3811,48
24,49,1735,28
24,50,4643,67
24,51,2863,83
24,52,2438,45
24,53,4932,76
24,54,5524,102
24,55,13293,173
24,56,2123,48
24,57,3811,53
24,58,18525,219
24,59,7535,87
24,60,7693,103
24,61,22085,315
24,62,17586,180
24,63,10665,120
24,64,4176,86
25,1,4228,63
25,2,7403,73
25,3,6898,92
25,4,5450,66
25,5,2437,47
25,6,4745,51
25,7,3648,70
25,8,3768,65
25,9,4669,42
25,10,6346,62
25,11,2814,39
25,12,4463,37
25,13,3311,42
25,14,2856,38
25,15,4508,50
25,16,1906,40
25,17,4235,68
25,18,6697,87
25,19,6570,65
25,20,6059,96
25,21,4727,85
25,22,2849,51
25,23,1705,38
25,24,2874,34
25,25,2937,39
25,26,2361,44
25,27,5381,49
25,28,3571,28
25,29,4975,48
25,30,3935,41
25,31,2335,49
25,32,5591,69
25,33,2229,37
25,34,3298,48
25,35,2540,42
25,36,4248,49
25,37,5605,69
25,38,2943,37
25,39,3471,33
25,40,3925,69
25,41,5206,44
25,42,4701,68
25,43,3651,37
25,44,3189,55
25,45,3978,57
25,46,2774,22
25,47,2696,49
25,48,3172,55
25,49,2722,46
25,50,2935,43
25,51,2472,26
25,52,1300,33
25,53,5762,64
25,54,3371,47
25,55,3625,55
25,56,1951,24
25,57,3268,44
25,58,3762,52
25,59,6859,72
25,60,3151,61
25,61,3020,48
25,62,4017,50
25,63,4574,61
25,64,1778,27
25,65,4758,47
25,66,1508,20
25,67,3994,47
25,68,5643,85
25,69,2885,36
25,70,4032,69
25,71,1880,35
25,72,3980,42
25,73,4399,45
25,74,4207,64
25,75,2660,44
25,76,2298,26
25,77,2473,45
26,1,895,22
26,2,1449,19
26,3,1354,27
26,4,4177,45
26,5,3899,43
26,6,2248,38
26,7,2453,39
26,8,2017,29
26,9,734,21
26,10,2811,32
26,11,1150,16
26,12,1915,20
26,13,2291,35
26,14,2352,23
26,15,2324,33
26,16,1897,32
26,17,877,20
26,18,2335,38
26,19,3146,32
26,20,2489,25
26,21,3415,46
26,22,2128,32
26,23,1018,21
26,24,2882,40
26,25,1358,20
26,26,803,23
26,27,1850,30
26,28,3655,39
26,29,4123,37
26,30,1022,19
26,31,1516,23
26,32,1909,24
26,33,3034,26
26,34,1517,26
26,35,4093,35
26,36,2334,34
26,37,908,16
26,38,1320,24
26,39,1452,22
26,40,2305,32
26,41,2765,51
26,42,1663,25
26,43,1218,26
26,44,2469,48
26,45,2118,31
26,46,653,17
26,47,666,20
26,48,586,12
26,49,6080,96
26,50,1803,27
26,51,2954,43
26,52,1319,35
26,53,1572,25
26,54,1595,19
26,55,2180,15
26,56,1176,15
26,57,1666,20
26,58,546,14
26,59,1914,23
26,60,1304,14
26,61,1709,38
26,62,704,20
26,63,3834,57
26,64,1607,16
26,65,622,23
26,66,2784,15
26,67,2017,29
26,68,734,21
26,69,904,19
26,70,1610,23
26,71,1774,28
26,72,1693,20
26,73,1406,17
26,74,1306,28
26,75,1946,22
26,76,799,19
26,77,762,23
26,78,1701,17
26,79,1183,19
26,80,2689,16
26,81,1895,18
26,82,3438,31
26,83,745,26
26,84,1467,23
26,85,1230,22
26,86,2469,24
26,87,1798,17
26,88,513,19
26,89,873,20
26,90,1273,18
26,91,1834,18
26,92,1365,22
26,93,1530,28
26,94,1372,21
26,95,342,16
26,96,1481,19
26,97,1671,21
26,98,1323,19
26,99,1331,19
26,100,803,14
26,101,339,11
26,102,996,26
26,103,2017,29
26,104,734,21
26,105,1753,18
26,106,2611,24
26,107,548,14
26,108,806,17
26,109,1449,40
26,110,806,17
26,111,1852,26
26,112,655,24
26,113,1583,25
26,114,542,19
26,115,1197,16
26,116,2254,36
26,117,1318,16
26,118,1895,40
26,119,1097,28
26,120,2162,18
26,121,2017,29
26,122,734,21
26,123,1618,15
26,124,2562,24
26,125,548,14
26,126,806,17
26,127,1449,40
26,128,1885,21
26,129,3693,23
26,130,2476,20
26,131,806,17
26,132,1999,24
26,133,387,16
26,134,602,10
26,135,2762,23
26,136,3483,36
26,137,1647,18
26,138,1029,13
26,139,3062,44
26,140,734,21
26,141,2093,16
26,142,2676,25
26,143,548,14
26,144,806,17
26,145,1449,40
26,146,1421,21
26,147,686,11
26,148,1945,18
26,149,1842,26
26,150,806,17
26,151,1245,20
26,152,2354,27
26,153,1170,22
26,154,3043,38
26,155,2375,31
26,156,3918,31
26,157,805,20
26,158,4247,41
26,159,734,21
26,160,1734,18
26,161,2592,24
26,162,548,14
26,163,806,17
26,164,1449,40
26,165,2182,23
26,166,3453,41
26,167,2789,35
26,168,734,21
26,169,654,20
26,170,420,18
26,171,1503,18
26,172,1727,14
26,173,2184,31
26,174,2017,29
26,175,734,21
26,176,1312,22
26,177,2277,20
26,178,548,14
26,179,806,17
26,180,1449,40
26,181,1786,29
26,182,1014,21
26,183,3986,42
26,184,2250,29
26,185,1170,22
26,186,3664,35
26,187,1692,37
26,188,1123,19
26,189,6010,41
26,190,2017,29
26,191,734,21
26,192,1023,20
26,193,471,16
26,194,1939,22
26,195,527,13
26,196,519,17
26,197,970,35
26,198,1372,23
26,199,863,25
26,200,1538,24
26,201,1751,29
26,202,2671,22
26,203,1622,18
26,204,1536,17
26,205,1519,19
26,206,855,20
26,207,1962,23
26,208,1673,27
26,209,2079,16
26,210,1352,18
26,211,1856,22
26,212,656,19
26,213,3148,34
26,214,2351,19
26,215,2499,28
26,216,1478,26
26,217,986,20
26,218,1586,15
26,219,807,16
26,220,459,17
26,221,1256,25
26,222,1300,17
26,223,1948,23
26,224,2230,21
26,225,1039,22
26,226,622,21
26,227,7768,92
27,1,2630,43
27,2,793,16
27,3,2863,47
27,4,2510,45
27,5,3775,43
27,6,1431,28
27,7,4999,65
27,8,1746,56
27,9,535,28
27,10,4652,74
27,11,3615,35
27,12,6442,72
27,13,2615,36
27,14,4254,58
27,15,4188,69
27,16,4668,77
27,17,1655,43
27,18,4699,85
27,19,8070,106
27,20,2729,44
27,21,3526,45
27,22,3919,47
27,23,4162,42
27,24,3225,77
27,25,6022,62
27,26,2030,27
27,27,3401,28
27,28,5604,47
27,29,1597,33
27,30,1185,34
27,31,1352,23
27,32,3670,50
27,33,3853,53
27,34,4523,61
27,35,2492,39
27,36,4852,69
27,37,4551,60
27,38,2281,47
27,39,3004,55
27,40,11292,136
27,41,4944,47
27,42,3811,59
27,43,2435,43
27,44,8600,110
27,45,4515,58
27,46,5004,61
27,47,2915,51
27,48,2619,42
27,49,3171,68
27,50,1830,31
27,51,2658,43
27,52,3954,44
27,53,1660,28
27,54,3593,39
27,55,3045,47
27,56,3211,58
27,57,2671,39
27,58,2184,31
27,59,3092,49
27,60,6904,104
27,61,4924,89
27,62,6216,70
27,63,5496,82
27,64,5132,78
27,65,4592,57
27,66,2292,44
27,67,3671,44
27,68,2566,47
27,69,3500,40
27,70,2571,32
27,71,2291,30
27,72,3413,32
27,73,3666,38
27,74,1578,31
27,75,3063,37
27,76,4601,47
27,77,626,21
27,78,1698,34
27,79,1165,28
27,80,3085,45
27,81,3762,56
27,82,4794,70
27,83,2497,42
27,84,5358,57
27,85,1905,33
27,86,3164,64
27,87,5216,66
27,88,5691,71
27,89,2483,40
27,90,2838,52
27,91,4368,63
27,92,4743,61
27,93,4022,51
28,1,895,22
28,2,1449,19
28,3,1766,38
28,4,5845,85
28,5,5164,59
28,6,3481,55
28,7,6392,92
28,8,2839,63
28,9,6456,67
28,10,4017,67
28,11,3450,37
28,12,3665,64
28,13,3789,65
28,14,3680,49
28,15,14750,148
28,16,6433,46
28,17,2803,36
28,18,7144,72
28,19,9010,119
28,20,3886,76
28,21,4158,42
28,22,1951,44
28,23,7002,108
28,24,4678,50
28,25,7385,106
28,26,3970,48
28,27,6946,110
28,28,3355,59
28,29,7280,109
28,30,3230,82
28,31,3941,73
28,32,7644,100
28,33,3059,33
28,34,3859,57
28,35,5579,75
28,36,4419,73
28,37,3268,69
28,38,6162,108
28,39,4768,52
28,40,5262,51
28,41,1410,44
28,42,2257,48
28,43,4270,75
28,44,4917,52
28,45,5176,81
28,46,7177,77
28,47,4591,86
28,48,6132,106
28,49,2784,49
28,50,6003,92
28,51,2120,29
28,52,2193,34
28,53,2668,55
28,54,3165,65
28,55,5795,74
28,56,2327,50
28,57,6996,97
28,58,4758,73
28,59,4945,82
28,60,4460,66
28,61,4105,75
28,62,2884,40
28,63,6787,84
28,64,3435,64
28,65,2017,33
28,66,2321,35
28,67,1684,42
28,68,4972,58
28,69,1497,28
28,70,2243,58
28,71,5297,78
28,72,5544,87
28,73,6020,62
28,74,2884,40
28,75,4030,70
28,76,6541,109
28,77,7618,105
28,78,5521,102
28,79,7696,78
28,80,4087,70
28,81,4246,65
28,82,5240,113
28,83,5100,67
28,84,3439,75
28,85,4585,66
28,86,4613,59
28,87,3783,60
28,88,3018,63
29,1,857,22
29,2,1875,40
29,3,4147,56
29,4,2137,43
29,5,1649,45
29,6,2088,42
29,7,4075,70
29,8,4326,90
29,9,2728,43
29,10,6181,120
29,11,1789,37
29,12,5926,86
29,13,3642,61
29,14,5297,69
29,15,987,40
29,16,4793,56
29,17,8324,118
29,18,4168,52
29,19,3153,47
29,20,6747,72
29,21,2490,32
29,22,2978,59
29,23,3640,60
29,24,3693,76
29,25,9457,117
29,26,1252,44
29,27,4785,87
29,28,3184,57
29,29,6242,103
29,30,1296,27
29,31,4212,70
29,32,3678,67
29,33,7502,90
29,34,2298,50
29,35,1432,30
29,36,5215,74
29,37,4090,39
29,38,3750,77
29,39,3920,69
29,40,11526,124
29,41,8926,88
29,42,1255,43
29,43,2811,42
29,44,3707,45
29,45,5141,89
29,46,5464,112
29,47,4730,89
29,48,4780,52
29,49,4311,59
29,50,3190,62
29,51,4060,64
29,52,5097,91
29,53,5279,65
29,54,2106,38
29,55,5832,56
29,56,2506,40
29,57,2894,28
29,58,6454,86
29,59,1975,25
29,60,1887,53
29,61,5308,64
29,62,2074,50
29,63,4496,84
29,64,2690,65
29,65,4216,64
29,66,2292,36
29,67,3190,73
29,68,5004,65
29,69,1807,47
30,1,857,22
30,2,1709,9
30,3,3639,31
30,4,3156,46
30,5,1591,33
30,6,2254,42
30,7,3774,44
30,8,5840,98
30,9,12034,152
30,10,3658,60
30,11,2798,32
30,12,1247,26
30,13,2372,43
30,14,2387,26
30,15,3227,43
30,16,5466,58
30,17,1521,28
30,18,3813,39
30,19,6511,60
30,20,5688,40
30,21,5178,83
30,22,6287,67
30,23,5326,64
30,24,5767,85
30,25,7565,65
30,26,2490,31
30,27,5071,79
30,28,9315,113
30,29,5483,60
30,30,5806,92
30,31,2308,48
30,32,2385,45
30,33,6985,71
30,34,2716,34
30,35,1791,43
30,36,4566,62
30,37,3253,57
30,38,5150,72
30,39,5308,87
30,40,7819,85
30,41,5712,67
30,42,5596,57
30,43,2772,56
30,44,1717,39
30,45,3167,51
30,46,8796,83
30,47,4647,87
30,48,9347,115
30,49,1109,37
30,50,6584,71
30,51,2864,41
30,52,3165,46
30,53,3752,55
30,54,8337,81
30,55,4301,55
30,56,6785,86
30,57,5390,42
30,58,5859,76
30,59,2203,32
30,60,2979,39
31,1,857,22
31,2,1425,19
31,3,556,16
31,4,2863,47
31,5,896,33
31,6,7113,72
31,7,5899,67
31,8,2384,39
31,9,1297,35
31,10,7642,105
31,11,6410,54
31,12,4832,70
31,13,5863,54
31,14,2780,76
31,15,5966,112
31,16,7054,82
31,17,3420,69
31,18,5915,54
31,19,5540,45
31,20,8872,111
31,21,4401,87
31,22,2832,66
31,23,3485,64
31,24,5174,30
31,25,4634,65
31,26,3085,40
31,27,4272,78
31,28,2365,41
31,29,5594,97
31,30,2023,58
31,31,5504,68
31,32,7719,92
31,33,7949,122
31,34,9635,100
32,1,857,22
32,2,1813,31
32,3,5381,66
32,4,8411,92
32,5,4057,63
32,6,2700,32
32,7,3051,36
32,8,1241,25
32,9,3808,60
32,10,4619,55
32,11,3685,42
32,12,4396,75
32,13,2383,66
32,14,6139,64
32,15,5180,66
32,16,4051,56
32,17,2513,46
32,18,1365,31
32,19,2757,59
32,20,7525,95
32,21,3613,49
32,22,5677,51
32,23,2922,59
32,24,1861,52
32,25,2324,45
32,26,3475,69
32,27,4632,75
32,28,2699,30
32,29,3489,44
32,30,4615,26
33,1,3168,80
33,2,2567,43
33,3,889,26
33,4,5552,127
33,5,6995,126
33,6,7533,143
33,7,8246,80
33,8,2134,42
33,9,6108,98
33,10,8383,76
33,11,1254,36
33,12,5305,58
33,13,6938,105
33,14,4601,60
33,15,1334,55
33,16,5006,57
33,17,3839,80
33,18,2716,68
33,19,13249,155
33,20,3568,102
33,21,4066,65
33,22,3309,85
33,23,4669,75
33,24,4470,72
33,25,5636,74
33,26,6911,77
33,27,4652,61
33,28,4095,79
33,29,4960,64
33,30,5475,69
33,31,4383,64
33,32,7171,81
33,33,6785,122
33,34,3855,56
33,35,19301,223
33,36,6741,92
33,37,13499,196
33,38,4889,75
33,39,5004,61
33,40,2930,66
33,41,3563,35
33,42,452,16
33,43,4862,65
33,44,1883,35
33,45,2362,38
33,46,1529,29
33,47,2163,33
33,48,2992,58
33,49,7540,103
33,50,15967,267
33,51,10568,137
33,52,3058,85
33,53,23481,294
33,54,2665,39
33,55,5833,126
33,56,2861,63
33,57,4313,63
33,58,5893,67
33,59,5477,99
33,60,6312,87
33,61,3837,34
33,62,3072,43
33,63,2485,62
33,64,1156,29
33,65,1338,33
33,66,2391,55
33,67,2479,46
33,68,3189,37
33,69,3931,71
33,70,1856,40
33,71,4579,59
33,72,5464,92
33,73,6694,93
34,1,5569,86
34,2,4728,68
34,3,11504,123
34,4,3713,50
34,5,2964,46
34,6,3548,66
34,7,4397,61
34,8,5460,66
34,9,6876,105
34,10,2242,53
34,11,3637,51
34,12,8602,107
34,13,4754,87
34,14,9389,109
34,15,4576,74
34,16,6532,75
34,17,1697,35
34,18,4330,82
34,19,5743,87
34,20,2851,45
34,21,4179,70
34,22,7617,93
34,23,5742,85
34,24,3816,62
34,25,1999,35
34,26,2629,46
34,27,2690,48
34,28,3404,54
34,29,2291,30
34,30,3507,41
34,31,13492,143
34,32,6065,69
34,33,11334,160
34,34,3929,54
34,35,2130,39
34,36,2770,49
34,37,5725,100
34,38,3792,45
34,39,4932,73
34,40,1937,51
34,41,2363,58
34,42,9365,77
34,43,8993,130
34,44,3079,47
34,45,5681,59
34,46,7169,89
34,47,2477,52
34,48,2614,26
34,49,561,29
34,50,4589,57
34,51,3941,35
34,52,1460,36
34,53,2930,38
34,54,2769,57
35,1,7500,119
35,2,2501,68
35,3,6477,85
35,4,3717,43
35,5,5309,63
35,6,3385,58
35,7,5715,62
35,8,5604,91
35,9,6523,76
35,10,5338,108
35,11,9014,115
35,12,14380,127
35,13,6623,115
35,14,4462,81
35,15,2448,47
35,16,2309,23
35,17,1069,18
35,18,11533,138
35,19,1024,21
35,20,1763,18
35,21,1480,16
35,22,3029,62
35,23,1494,12
35,24,3947,48
35,25,5101,67
35,26,3880,27
35,27,8244,94
35,28,5420,78
35,29,4866,76
35,30,3391,37
35,31,3320,65
35,32,9520,99
35,33,3376,57
35,34,4104,45
35,35,4020,55
35,36,6214,72
35,37,11732,108
35,38,4487,44
35,39,7176,100
35,40,13252,132
35,41,4849,76
35,42,3580,83
35,43,8001,111
35,44,7876,120
35,45,6396,97
36,1,856,21
36,2,497,13
36,3,612,14
36,4,1060,13
36,5,911,17
36,6,3866,30
36,7,1603,30
36,8,3014,45
36,9,3364,51
36,10,3325,36
36,11,7640,54
36,12,2954,58
36,13,3232,38
36,14,4599,57
36,15,4442,55
36,16,1110,28
36,17,1437,23
36,18,3578,55
36,19,3114,38
36,20,2014,46
36,21,1523,29
36,22,2066,31
36,23,7325,58
36,24,1846,17
36,25,1123,19
36,26,1808,30
36,27,2225,27
36,28,1293,47
36,29,2219,30
36,30,2060,47
36,31,1661,45
36,32,1500,23
36,33,2961,50
36,34,2313,44
36,35,2293,37
36,36,4318,56
36,37,3213,37
36,38,3686,39
36,39,1923,37
36,40,3616,58
36,41,2319,35
36,42,1856,23
36,43,3887,33
36,44,1003,22
36,45,3330,45
36,46,3164,42
36,47,6248,92
36,48,2291,30
36,49,4019,35
36,50,1735,33
36,51,3104,39
36,52,3217,53
36,53,2840,39
36,54,3761,42
36,55,1911,28
36,56,2064,32
36,57,544,23
36,58,818,16
36,59,936,25
36,60,1664,50
36,61,1856,23
36,62,3178,36
36,63,2295,21
36,64,1529,24
36,65,3305,57
36,66,2350,46
36,67,3782,49
36,68,1875,30
36,69,3471,43
36,70,1963,33
36,71,2370,50
36,72,1566,33
36,73,1665,29
36,74,2552,31
36,75,2318,30
36,76,1259,36
36,77,3187,42
36,78,4133,41
36,79,2504,37
36,80,5376,44
36,81,5980,63
36,82,2035,34
36,83,2601,35
37,1,1566,30
37,2,934,13
37,3,1874,13
37,4,196,12
37,5,2814,35
37,6,503,31
37,7,1750,18
37,8,1700,37
37,9,1172,17
37,10,3005,28
37,11,4137,46
37,12,1439,13
37,13,2652,17
37,14,2318,19
37,15,1303,21
37,16,3650,35
37,17,192,15
37,18,1648,16
37,19,2469,28
37,20,1109,24
37,21,3429,27
37,22,2620,38
37,23,790,29
37,24,535,17
37,25,959,14
37,26,850,17
37,27,2596,24
37,28,1928,28
37,29,919,21
37,30,2368,36
37,31,1687,25
37,32,2398,20
37,33,2852,25
37,34,1428,20
37,35,2004,38
37,36,2164,33
37,37,799,22
37,38,1874,22
37,39,1692,23
37,40,1026,19
37,41,635,16
37,42,519,14
37,43,745,12
37,44,1203,14
37,45,598,19
37,46,2172,16
37,47,1574,24
37,48,1417,20
37,49,1104,13
37,50,2670,24
37,51,939,23
37,52,663,19
37,53,3136,34
37,54,862,15
37,55,726,21
37,56,1766,19
37,57,2179,26
37,58,742,13
37,59,2036,28
37,60,1973,19
37,61,1794,21
37,62,2382,23
37,63,1838,22
37,64,2071,23
37,65,869,21
37,66,820,32
37,67,1309,23
37,68,1112,20
37,69,1155,20
37,70,1323,18
37,71,1996,22
37,72,1667,20
37,73,2671,24
37,74,1026,19
37,75,723,26
37,76,1566,25
37,77,1714,20
37,78,1774,19
37,79,627,20
37,80,1141,19
37,81,501,19
37,82,2784,15
37,83,1221,18
37,84,1187,16
37,85,2311,25
37,86,949,22
37,87,1567,18
37,88,2605,16
37,89,482,11
37,90,954,15
37,91,2553,26
37,92,777,13
37,93,2582,20
37,94,419,16
37,95,1619,18
37,96,1505,19
37,97,751,32
37,98,876,29
37,99,1298,23
37,100,559,16
37,101,1799,16
37,102,8405,100
37,103,849,19
37,104,448,19
37,105,2087,31
37,106,996,20
37,107,1888,15
37,108,1774,19
37,109,500,14
37,110,1089,16
37,111,501,19
37,112,1109,27
37,113,3595,48
37,114,775,21
37,115,1758,29
37,116,1769,24
37,117,1561,23
37,118,1134,23
37,119,1815,21
37,120,625,17
37,121,1141,19
37,122,542,21
37,123,700,19
37,124,2001,18
37,125,2937,28
37,126,738,24
37,127,2123,18
37,128,1026,19
37,129,1774,19
37,130,403,14
37,131,1141,19
37,132,501,19
37,133,644,18
37,134,1041,19
37,135,1503,18
37,136,1727,14
37,137,1198,22
37,138,877,17
37,139,724,18
37,140,1441,20
37,141,1370,19
37,142,1238,19
37,143,565,21
37,144,1453,22
37,145,1420,21
37,146,1402,22
37,147,655,26
37,148,973,20
37,149,2023,29
37,150,1929,29
37,151,596,21
37,152,1017,19
37,153,927,20
37,154,765,14
37,155,1488,10
37,156,383,14
37,157,1789,24
37,158,2452,47
37,159,534,17
37,160,1026,19
37,161,770,14
37,162,1240,17
37,163,346,16
37,164,572,20
37,165,454,15
37,166,393,16
37,167,367,15
37,168,1401,22
37,169,1095,20
37,170,826,18
37,171,1822,29
37,172,644,16
37,173,1360,19
37,174,1167,14
37,175,928,17
37,176,1536,17
37,177,2709,30
37,178,1093,14
37,179,883,15
37,180,1005,23
37,181,668,16
37,182,588,19
38,1,2925,34
38,2,1809,22
38,3,1702,37
38,4,3537,44
38,5,1407,32
38,6,3057,51
38,7,3924,38
38,8,4564,50
38,9,1523,31
38,10,2952,48
38,11,442,24
38,12,3151,34
38,13,1045,36
38,14,1537,22
38,15,1773,35
38,16,1031,32
38,17,2534,44
38,18,2327,36
38,19,910,20
38,20,1886,33
38,21,2933,30
38,22,8457,93
38,23,4135,60
38,24,13256,137
38,25,2787,33
38,26,8298,122
38,27,6620,70
38,28,4374,66
38,29,3037,50
38,30,645,33
38,31,3001,29
38,32,4260,42
38,33,1162,30
38,34,2127,39
38,35,3687,49
38,36,3550,33
38,37,1624,20
38,38,1614,21
38,39,2475,28
38,40,591,22
38,41,3591,46
38,42,4228,26
38,43,2346,46
38,44,6476,54
38,45,2118,48
38,46,2763,26
38,47,1550,28
38,48,3173,38
38,49,2534,23
38,50,1229,22
38,51,2219,35
38,52,1891,22
38,53,1471,21
38,54,1446,21
38,55,2466,19
38,56,523,21
38,57,2908,20
38,58,1270,15
38,59,2387,38
38,60,2856,45
38,61,3605,40
38,62,1855,38
38,63,4607,30
38,64,2388,21
38,65,1922,40
38,66,3371,37
38,67,1214,11
38,68,1782,13
38,69,2525,33
38,70,1364,27
38,71,2674,32
38,72,3228,36
38,73,549,22
38,74,1377,28
38,75,4087,54
38,76,3919,34
38,77,1515,20
38,78,939,23
38,79,2359,24
38,80,1653,17
38,81,851,18
38,82,2026,23
38,83,1115,20
38,84,632,17
38,85,1297,31
38,86,1582,36
38,87,1275,18
38,88,828,17
39,1,2127,48
39,2,1961,45
39,3,7581,126
39,4,4094,63
39,5,7563,105
39,6,10880,138
39,7,11888,126
39,8,8575,122
39,9,7688,105
39,10,7167,95
39,11,1917,31
39,12,1103,23
39,13,3555,29
39,14,1143,21
39,15,6345,85
39,16,5963,61
39,17,4307,60
39,18,3543,67
39,19,3537,38
39,20,7594,80
39,21,9860,120
39,22,4731,77
39,23,10706,132
39,24,4965,61
39,25,4386,40
39,26,4071,59
39,27,4813,44
39,28,3375,28
39,29,6327,81
39,30,1129,16
39,31,2866,30
39,32,5101,58
39,33,1925,34
39,34,1866,33
39,35,3003,58
39,36,3365,57
39,37,2862,41
39,38,11524,148
39,39,2140,40
39,40,3053,32
39,41,4757,77
39,42,8700,107
39,43,3479,54
39,44,3823,48
39,45,8776,76
39,46,6197,76
39,47,6590,97
39,48,1535,43
39,49,7377,83
39,50,2913,43
39,51,3839,68
39,52,3193,59
39,53,6712,85
39,54,3483,52
39,55,5706,64
39,56,4116,51
39,57,1987,32
39,58,2873,42
39,59,4250,45
39,60,4362,65
39,61,2516,50
39,62,1712,28
39,63,4441,57
39,64,2414,34
39,65,4190,62
39,66,1033,24
39,67,6021,86
39,68,8290,77
39,69,6646,74
39,70,1770,32
39,71,11532,151
39,72,3144,45
39,73,7598,94
39,74,5343,73
39,75,3966,77
40,1,834,21
40,2,1413,29
40,3,4477,56
40,4,4063,52
40,5,7409,98
40,6,3684,42
40,7,10788,128
40,8,5043,76
40,9,5316,53
40,10,5311,67
40,11,6241,65
40,12,4208,62
40,13,3744,53
40,14,1833,37
40,15,5329,63
40,16,2500,59
40,17,2919,47
40,18,5317,67
40,19,2446,28
40,20,4207,62
40,21,9576,119
40,22,5579,63
40,23,1321,31
40,24,2123,34
40,25,4447,87
40,26,5918,69
40,27,3065,48
40,28,9645,146
40,29,5570,101
40,30,2715,41
40,31,3877,55
40,32,1618,27
40,33,2720,52
40,34,7981,105
40,35,7331,93
40,36,2313,40
40,37,5623,94
40,38,2363,37
40,39,3267,48
40,40,5849,88
40,41,1435,41
40,42,3528,61
40,43,3788,86
40,44,3564,50
40,45,2472,42
40,46,5895,61
40,47,7360,82
40,48,2269,45
40,49,4276,53
40,50,4330,73
40,51,2509,53
40,52,3465,46
40,53,2360,41
40,54,1099,20
40,55,4253,53
40,56,7189,93
40,57,4728,53
40,58,4800,69
40,59,2165,43
40,60,5016,62
40,61,5990,82
40,62,3023,41
40,63,2316,33
40,64,6881,98
40,65,1868,53
40,66,4546,76
40,67,13207,118
40,68,3779,44
40,69,2672,39
40,70,3147,44
40,71,2505,32
40,72,1460,23
40,73,2343,23
40,74,4275,60
40,75,5823,46
40,76,3004,42
40,77,4046,58
40,78,7532,123
40,79,2557,43
40,80,3424,59
40,81,1998,28
40,82,9025,104
40,83,3036,67
40,84,1892,51
40,85,4658,70
41,1,834,21
41,2,1205,19
41,3,2457,33
41,4,3789,33
41,5,3193,75
41,6,4958,74
41,7,2650,36
41,8,3329,40
41,9,5593,62
41,10,2718,67
41,11,5066,67
41,12,5623,89
41,13,4563,40
41,14,5381,94
41,15,7300,102
41,16,7387,89
41,17,4919,74
41,18,1659,27
41,19,1320,34
41,20,2623,56
41,21,4789,78
41,22,6626,84
41,23,6180,46
41,24,3298,48
41,25,6023,99
41,26,5778,52
41,27,4505,55
41,28,2907,61
41,29,5439,79
41,30,7350,93
41,31,3758,70
41,32,1722,14
41,33,1539,51
41,34,3936,71
41,35,4176,42
41,36,4571,50
41,37,5905,88
41,38,2854,55
41,39,7977,91
41,40,6767,101
41,41,2832,39
41,42,2280,46
41,43,4441,53
41,44,6759,129
41,45,5436,72
41,46,2408,46
41,47,8143,107
41,48,2799,40
41,49,2366,43
41,50,12047,130
41,51,5710,56
41,52,4210,51
41,53,3880,73
41,54,1460,39
42,1,834,21
42,2,230,3
42,3,2245,43
42,4,3083,38
42,5,7444,90
42,6,4649,53
42,7,6776,90
42,8,4256,71
42,9,3531,60
42,10,4508,59
42,11,5366,89
42,12,3537,56
42,13,7096,152
42,14,7742,114
42,15,7705,149
42,16,6529,71
42,17,2535,52
42,18,6053,96
42,19,1287,38
42,20,5832,75
42,21,5914,84
42,22,9074,107
42,23,8187,118
42,24,6257,91
42,25,3183,51
42,26,4741,64
42,27,4906,68
42,28,4175,52
42,29,5220,63
42,30,2150,41
42,31,2718,48
42,32,1278,29
42,33,5534,55
42,34,1328,26
42,35,1958,36
42,36,5090,74
42,37,6504,50
42,38,3561,64
42,39,3532,29
42,40,2854,57
42,41,2453,35
42,42,6847,66
42,43,3020,28
42,44,4970,72
42,45,12532,123
42,46,2379,56
42,47,3559,68
42,48,8534,115
42,49,5239,62
42,50,2871,47
42,51,3321,77
42,52,6075,109
42,53,4098,56
43,1,834,21
43,2,593,13
43,3,1692,30
43,4,960,27
43,5,3591,35
43,6,778,23
43,7,1330,32
43,8,2493,32
43,9,4346,52
43,10,3459,45
43,11,4615,50
43,12,2950,49
43,13,9818,84
43,14,660,19
43,15,1017,37
43,16,3399,31
43,17,5289,46
43,18,2813,34
43,19,4940,66
43,20,3206,53
43,21,2007,33
43,22,1918,46
43,23,5594,83
43,24,2711,60
43,25,3300,36
43,26,2230,40
43,27,1397,22
43,28,1109,32
43,29,2052,39
43,30,1800,36
43,31,3640,42
43,32,12091,111
43,33,4683,77
43,34,1591,30
43,35,4333,53
43,36,3697,38
43,37,1333,38
43,38,3268,49
43,39,4575,40
43,40,3060,40
43,41,1904,26
43,42,2341,34
43,43,2621,36
43,44,1963,26
43,45,2020,53
43,46,2603,55
43,47,2403,31
43,48,4548,55
43,49,1752,47
43,50,2954,30
43,51,4952,67
43,52,2700,34
43,53,2586,46
43,54,2166,36
43,55,2777,36
43,56,1948,24
43,57,3116,33
43,58,3677,48
43,59,1637,42
43,60,2732,36
43,61,3828,45
43,62,980,29
43,63,5811,79
43,64,2432,36
43,65,4361,47
43,66,4482,40
43,67,3992,34
43,68,2111,34
43,69,1668,29
43,70,1972,29
43,71,5336,69
43,72,3294,35
43,73,1635,27
43,74,2077,26
43,75,1220,22
43,76,2404,29
43,77,2352,37
43,78,1736,34
43,79,1003,22
43,80,1862,48
43,81,987,31
43,82,3050,36
43,83,4127,42
43,84,2488,44
43,85,4450,63
43,86,2539,52
43,87,2102,37
43,88,797,27
43,89,1123,26
44,1,834,21
44,2,593,13
44,3,1802,34
44,4,855,17
44,5,1020,23
44,6,1024,26
44,7,2751,37
44,8,1286,39
44,9,655,14
44,10,2542,28
44,11,3022,20
44,12,1823,26
44,13,1655,28
44,14,1581,25
44,15,1686,29
44,16,1765,29
44,17,2022,35
44,18,795,31
44,19,1557,35
44,20,2469,24
44,21,1314,21
44,22,941,23
44,23,1180,24
44,24,2629,27
44,25,1373,18
44,26,746,14
44,27,511,20
44,28,2548,22
44,29,3244,37
44,30,1658,33
44,31,1296,28
44,32,2029,29
44,33,1318,29
44,34,326,14
44,35,1880,32
44,36,1371,24
44,37,3248,50
44,38,2723,37
44,39,2150,36
44,40,1108,23
44,41,2258,34
44,42,917,29
44,43,1138,12
44,44,702,10
44,45,1364,18
44,46,1189,10
44,47,2104,24
44,48,2083,25
44,49,1748,20
44,50,2411,19
44,51,1054,19
44,52,686,11
44,53,1824,27
44,54,1234,19
44,55,550,22
44,56,3091,48
44,57,3159,25
44,58,2222,29
44,59,1677,17
45,1,834,21
45,2,1341,29
45,3,2416,31
45,4,2357,34
45,5,5890,89
45,6,3033,53
45,7,779,14
45,8,4946,57
45,9,4468,45
45,10,6098,72
45,11,3719,42
45,12,7167,63
45,13,5289,60
45,14,4059,61
45,15,2592,44
45,16,3941,74
45,17,7180,102
45,18,4281,55
45,19,5566,64
45,20,1862,32
45,21,4846,85
45,22,4859,56
45,23,8925,94
45,24,4052,78
45,25,4719,68
45,26,3905,70
45,27,4317,52
45,28,3981,54
45,29,4150,47
45,30,4502,62
45,31,5408,59
45,32,5659,78
45,33,1593,43
45,34,3053,61
45,35,7601,76
45,36,2643,37
45,37,2224,42
46,1,834,21
46,2,1341,29
46,3,6256,72
46,4,9292,106
46,5,3756,64
46,6,2557,45
46,7,5223,59
46,8,7277,99
46,9,3598,74
46,10,6427,95
46,11,5890,76
46,12,6462,75
46,13,3613,52
46,14,1388,43
46,15,16214,193
46,16,4582,81
46,17,8361,113
46,18,4277,66
46,19,2414,43
46,20,13269,129
46,21,10118,95
46,22,3789,54
46,23,3441,55
46,24,7051,75
46,25,3534,60
46,26,6649,138
46,27,2207,47
46,28,6449,73
46,29,6954,80
46,30,3035,78
46,31,4004,60
46,32,3182,65
46,33,6288,85
46,34,7156,79
46,35,5911,107
47,1,3297,54
47,2,3742,81
47,3,6992,81
47,4,17085,167
47,5,356,17
47,6,1215,20
47,7,3315,46
47,8,2814,30
47,9,1562,35
47,10,5694,75
47,11,2485,44
47,12,8450,108
47,13,4087,54
47,14,1685,48
47,15,14162,172
47,16,7427,104
47,17,2295,32
47,18,6884,65
47,19,5294,73
47,20,12511,117
47,21,3164,48
47,22,4258,45
47,23,1841,37
47,24,1673,33
47,25,3345,63
47,26,4454,65
47,27,3352,41
47,28,3692,48
47,29,5122,40
47,30,3464,66
47,31,2484,50
47,32,4845,86
47,33,2197,55
47,34,4475,55
47,35,3147,58
47,36,2947,65
47,37,4232,35
47,38,11016,129
48,1,2019,38
48,2,6289,61
48,3,878,19
48,4,3978,94
48,5,7664,93
48,6,9438,116
48,7,2028,40
48,8,2241,27
48,9,3177,49
48,10,5745,105
48,11,10987,151
48,12,6968,85
48,13,2067,43
48,14,6339,61
48,15,11286,141
48,16,9095,124
48,17,8326,110
48,18,6164,86
48,19,3562,37
48,20,7102,89
48,21,2840,52
48,22,3122,52
48,23,3129,41
48,24,4190,77
48,25,13393,179
48,26,5627,130
48,27,8178,120
48,28,3519,60
48,29,23398,249
49,1,3771,83
49,2,8182,98
49,3,8549,77
49,4,2987,41
49,5,4747,48
49,6,4144,79
49,7,5376,127
49,8,1538,28
49,9,10154,144
49,10,3356,53
49,11,8969,159
49,12,12919,129
49,13,6379,93
49,14,6935,116
49,15,3854,91
49,16,3565,65
49,17,2902,76
49,18,3869,45
50,1,1362,33
50,2,3041,44
50,3,2984,27
50,4,3745,36
50,5,1732,32
50,6,2494,53
50,7,2496,51
50,8,1891,20
50,9,1877,45
50,10,2290,22
50,11,2640,37
50,12,2464,30
50,13,1202,19
50,14,2170,36
50,15,2153,36
50,16,2929,57
50,17,2886,37
50,18,2164,26
50,19,3092,34
50,20,2080,23
50,21,1263,23
50,22,4812,45
50,23,1777,21
50,24,815,21
50,25,1797,17
50,26,3328,41
50,27,3429,37
50,28,2621,34
50,29,1516,31
50,30,2005,33
50,31,2569,25
50,32,2371,22
50,33,2621,29
50,34,2257,24
50,35,742,25
50,36,2257,54
50,37,2894,41
50,38,4586,54
50,39,3133,49
50,40,670,25
50,41,1337,29
50,42,2223,32
50,43,1213,27
50,44,4184,36
50,45,3610,53
51,1,3042,32
51,2,898,13
51,3,997,13
51,4,994,13
51,5,853,15
51,6,359,13
51,7,1301,15
51,8,1517,15
51,9,432,12
51,10,1508,11
51,11,2293,18
51,12,370,18
51,13,1089,19
51,14,4786,32
51,15,1368,20
51,16,3370,37
51,17,625,25
51,18,2160,19
51,19,819,26
51,20,1856,20
51,21,1207,19
51,22,1179,23
51,23,2990,37
51,24,2519,28
51,25,2581,38
51,26,1713,23
51,27,1143,22
51,28,3971,38
51,29,3098,39
51,30,1618,32
51,31,1357,23
51,32,1062,26
51,33,901,20
51,34,997,19
51,35,1509,26
51,36,2254,28
51,37,3272,36
51,38,1961,34
51,39,1365,25
51,40,2747,34
51,41,1869,30
51,42,3539,32
51,43,2965,27
51,44,4555,37
51,45,1875,32
51,46,1060,31
51,47,595,29
51,48,2052,25
51,49,2880,29
51,50,1782,29
51,51,2869,39
51,52,3261,46
51,53,1801,21
51,54,1371,19
51,55,2845,25
51,56,1613,27
51,57,1286,30
51,58,1846,27
51,59,4902,43
51,60,2331,31
52,1,1038,25
52,2,744,10
52,3,986,9
52,4,836,13
52,5,704,13
52,6,587,13
52,7,1253,14
52,8,321,10
52,9,1082,17
52,10,1014,15
52,11,1774,17
52,12,2500,18
52,13,661,21
52,14,3129,25
52,15,2366,22
52,16,3193,53
52,17,1402,20
52,18,2173,38
52,19,1798,29
52,20,1865,33
52,21,6811,84
52,22,1200,28
52,23,2923,33
52,24,1816,32
52,25,2596,24
52,26,1150,27
52,27,1511,28
52,28,1069,31
52,29,2620,31
52,30,1952,28
52,31,2053,27
52,32,2858,31
52,33,1009,23
52,34,2011,29
52,35,3293,27
52,36,2640,31
52,37,1622,28
52,38,2407,40
52,39,795,20
52,40,3003,27
52,41,1866,21
52,42,1740,33
52,43,2312,33
52,44,1359,39
52,45,2854,32
52,46,2210,33
52,47,4547,42
52,48,1920,41
52,49,696,25
53,1,1639,31
53,2,2095,16
53,3,388,14
53,4,152,14
53,5,610,13
53,6,1508,11
53,7,373,15
53,8,1119,10
53,9,552,18
53,10,293,18
53,11,1137,16
53,12,1154,17
53,13,1249,15
53,14,929,14
53,15,276,14
53,16,3682,18
53,17,2438,16
53,18,1317,21
53,19,1318,18
53,20,2011,18
53,21,1675,18
53,22,2184,14
53,23,4642,99
53,24,804,15
53,25,1066,17
53,26,6117,65
53,27,3314,47
53,28,4650,51
53,29,3371,41
53,30,4372,54
53,31,4135,73
53,32,10409,129
53,33,1879,14
53,34,308,15
53,35,1624,19
53,36,601,20
53,37,1102,15
53,38,1882,18
53,39,592,21
53,40,568,13
53,41,737,19
53,42,856,16
53,43,941,15
53,44,541,15
53,45,2448,26
53,46,1436,13
53,47,1401,19
53,48,1301,15
53,49,886,14
53,50,272,18
53,51,790,12
53,52,2654,32
53,53,610,13
53,54,2738,11
53,55,1399,17
53,56,2815,20
53,57,612,10
53,58,758,20
53,59,1961,19
53,60,1805,15
53,61,658,11
53,62,310,17
54,1,2884,41
54,2,2544,31
54,3,2377,31
54,4,756,28
54,5,3663,20
54,6,1549,28
54,7,4123,40
54,8,1957,35
54,9,2959,43
54,10,2322,21
54,11,1143,26
54,12,2962,38
54,13,1667,22
54,14,1300,24
54,15,1302,23
54,16,2000,16
54,17,2292,29
54,18,3197,23
54,19,2353,36
54,20,2007,27
54,21,2000,16
54,22,2292,29
54,23,2655,14
54,24,3431,41
54,25,2678,32
54,26,2647,23
54,27,2321,35
54,28,2549,32
54,29,1308,22
54,30,2000,16
54,31,2798,41
54,32,2292,29
54,33,2296,16
54,34,1188,38
54,35,1880,24
54,36,3609,29
54,37,4425,43
54,38,2085,22
54,39,2632,15
54,40,2292,29
54,41,1563,19
54,42,4866,36
54,43,2039,35
54,44,1254,20
54,45,611,21
54,46,804,29
54,47,1712,20
54,48,2012,35
54,49,1505,18
54,50,818,26
54,51,1158,26
54,52,888,18
54,53,2303,17
54,54,1487,19
54,55,1466,21
55,1,1115,25
55,2,522,9
55,3,923,10
55,4,239,10
55,5,931,17
55,6,798,18
55,7,1516,23
55,8,1677,17
55,9,1903,34
55,10,2072,17
55,11,2158,25
55,12,1330,20
55,13,1562,19
55,14,2186,24
55,15,1496,20
55,16,1562,19
55,17,2474,21
55,18,1562,19
55,19,1145,17
55,20,2021,18
55,21,1562,19
55,22,1383,23
55,23,1562,19
55,24,1628,31
55,25,1562,19
55,26,387,12
55,27,1464,27
55,28,1562,19
55,29,2421,35
55,30,1562,19
55,31,2208,18
55,32,1562,19
55,33,7569,78
55,34,1562,19
55,35,3446,34
55,36,1562,19
55,37,2643,31
55,38,1562,19
55,39,2057,27
55,40,1562,19
55,41,2657,40
55,42,1562,19
55,43,2359,26
55,44,446,21
55,45,1562,19
55,46,1699,19
55,47,1562,19
55,48,1290,10
55,49,1562,19
55,50,981,16
55,51,1562,19
55,52,454,19
55,53,1562,19
55,54,2819,41
55,55,1562,19
55,56,2320,37
55,57,1562,19
55,58,1005,20
55,59,1562,19
55,60,381,23
55,61,1562,19
55,62,706,14
55,63,1562,19
55,64,541,8
55,65,1562,19
55,66,2219,17
55,67,1562,19
55,68,1230,19
55,69,1562,19
55,70,1475,13
55,71,1562,19
55,72,1823,18
55,73,1562,19
55,74,1063,22
55,75,1562,19
55,76,3307,26
55,77,1562,19
55,78,2050,27
56,1,2277,33
56,2,1440,15
56,3,1842,10
56,4,2541,14
56,5,598,13
56,6,1153,14
56,7,1571,16
56,8,677,27
56,9,1085,27
56,10,506,17
56,11,496,13
56,12,745,12
56,13,753,12
56,14,1158,14
56,15,1477,12
56,16,1279,19
56,17,1081,20
56,18,699,23
56,19,627,21
56,20,1474,16
56,21,1155,16
56,22,350,7
56,23,892,19
56,24,339,18
56,25,2389,25
56,26,437,17
56,27,533,25
56,28,1804,10
56,29,953,9
56,30,1030,8
56,31,176,9
56,32,852,11
56,33,509,17
56,34,987,10
56,35,863,16
56,36,514,14
56,37,878,10
56,38,273,12
56,39,753,12
56,40,1523,13
56,41,1055,25
56,42,340,11
56,43,1130,10
56,44,545,13
56,45,1836,21
56,46,2190,25
56,47,3945,47
56,48,192,15
56,49,1207,19
56,50,1079,24
56,51,2435,25
56,52,973,17
56,53,411,17
56,54,973,19
56,55,1227,15
56,56,989,16
56,57,1746,21
56,58,1319,14
56,59,2650,25
56,60,1487,32
56,61,2113,35
56,62,2708,32
56,63,1937,15
56,64,1744,25
56,65,2647,29
56,66,1418,10
56,67,490,12
56,68,2504,22
56,69,1612,33
56,70,1679,28
56,71,2117,21
56,72,2829,30
56,73,2377,28
56,74,1526,17
56,75,661,19
56,76,1944,20
56,77,707,12
56,78,679,11
56,79,519,17
56,80,1021,17
56,81,1988,22
56,82,2221,22
56,83,2496,19
56,84,2881,16
56,85,1498,28
56,86,2082,20
56,87,1551,20
56,88,767,19
56,89,1198,18
56,90,503,22
56,91,594,20
56,92,2035,26
56,93,355,10
56,94,602,10
56,95,1107,16
56,96,1526,17
57,1,2880,58
57,2,3008,43
57,3,2689,40
57,4,10311,134
57,5,2766,37
57,6,2661,52
57,7,4200,74
57,8,4947,69
57,9,5398,69
57,10,10733,153
57,11,5524,43
57,12,7841,109
57,13,10068,132
57,14,9581,99
57,15,3979,64
57,16,8406,118
57,17,3409,55
57,18,5039,57
57,19,5582,105
57,20,15500,180
57,21,12380,108
57,22,4206,69
57,23,4618,58
57,24,4543,56
57,25,6208,138
57,26,4804,74
57,27,13713,191
57,28,7578,94
57,29,7283,85
58,1,5043,92
58,2,6466,103
58,3,8862,90
58,4,7975,115
58,5,5693,81
58,6,2420,64
58,7,9213,163
58,8,8614,167
58,9,8766,105
58,10,4984,82
58,11,9845,139
58,12,7313,92
58,13,7280,115
58,14,5834,73
58,15,1792,40
58,16,3415,43
58,17,3712,64
58,18,3149,73
58,19,4933,72
58,20,2273,37
58,21,2286,34
58,22,12314,221
59,1,3011,62
59,2,14586,185
59,3,3929,60
59,4,2921,51
59,5,4217,60
59,6,4443,90
59,7,9347,166
59,8,7641,98
59,9,6595,134
59,10,8364,106
59,11,9998,129
59,12,4906,73
59,13,2905,45
59,14,5311,94
59,15,4029,47
59,16,4555,68
59,17,3860,50
59,18,7034,72
59,19,2427,51
59,20,1519,48
59,21,7931,84
59,22,3093,51
59,23,3694,87
59,24,3852,78
60,1,17237,239
60,2,2839,68
60,3,2777,62
60,4,12657,221
60,5,4877,56
60,6,3960,73
60,7,4068,63
60,8,5125,91
60,9,7687,101
60,10,14148,258
60,11,7452,94
60,12,10795,173
60,13,6083,80
61,1,3011,62
61,2,2287,34
61,3,2255,32
61,4,2548,46
61,5,6879,101
61,6,6879,129
61,7,4503,68
61,8,2356,54
61,9,3929,60
61,10,3233,47
61,11,4904,72
61,12,7963,75
61,13,3326,41
61,14,8521,164
62,1,3326,71
62,2,5309,92
62,3,1526,37
62,4,5329,39
62,5,8290,105
62,6,3961,71
62,7,2549,45
62,8,6745,79
62,9,7288,88
62,10,9386,72
62,11,6713,88
63,1,5068,101
63,2,2865,51
63,3,2654,44
63,4,6696,104
63,5,5639,66
63,6,6962,70
63,7,6823,90
63,8,4145,90
63,9,5002,75
63,10,4842,85
63,11,3429,44
64,1,3852,78
64,2,3378,47
64,3,3788,49
64,4,5080,62
64,5,4063,53
64,6,7436,82
64,7,6290,69
64,8,3249,51
64,9,9874,122
64,10,3995,59
64,11,2234,58
64,12,3442,59
64,13,1157,37
64,14,7094,87
64,15,2298,39
64,16,4450,79
64,17,5972,50
64,18,1770,29
65,1,13041,192
65,2,10035,132
65,3,4716,73
65,4,8924,118
65,5,4110,54
65,6,14158,146
65,7,5292,90
65,8,4711,64
65,9,2930,32
65,10,4257,72
65,11,11055,153
65,12,7045,96
66,1,6728,76
66,2,2461,49
66,3,10611,114
66,4,7506,92
66,5,6675,82
66,6,5874,107
66,7,4726,51
66,8,12629,194
66,9,3572,62
66,10,10930,121
66,11,8088,97
66,12,6643,79
67,1,3094,52
67,2,3937,53
67,3,6708,65
67,4,3360,42
67,5,3197,68
67,6,2702,34
67,7,2272,32
67,8,6031,53
67,9,4692,63
67,10,1403,39
67,11,2389,31
67,12,4942,38
67,13,2340,38
67,14,2022,27
67,15,4485,59
67,16,4183,40
67,17,3314,48
67,18,2461,30
67,19,3664,62
67,20,4552,54
67,21,3379,42
67,22,2331,47
67,23,3350,55
67,24,3981,31
67,25,2291,30
67,26,1795,34
67,27,4723,52
67,28,3266,58
67,29,3087,49
67,30,3113,40
68,1,1425,35
68,2,1032,19
68,3,1738,18
68,4,1967,15
68,5,1196,13
68,6,690,13
68,7,2274,39
68,8,1443,14
68,9,717,17
68,10,790,16
68,11,537,13
68,12,2096,17
68,13,1433,13
68,14,1012,15
68,15,2660,33
68,16,1211,15
68,17,2062,50
68,18,1113,10
68,19,906,27
68,20,972,13
68,21,742,13
68,22,2893,27
68,23,1875,19
68,24,1219,26
68,25,1704,17
68,26,1471,23
68,27,490,12
68,28,1137,28
68,29,1666,26
68,30,2655,24
68,31,1439,23
68,32,3053,39
68,33,3763,39
68,34,1737,26
68,35,889,23
68,36,765,14
68,37,1369,18
68,38,1573,17
68,39,2452,47
68,40,1070,16
68,41,2128,38
68,42,1764,38
68,43,3511,52
68,44,4796,44
68,45,757,18
68,46,3003,27
68,47,1866,21
68,48,3555,42
68,49,3140,40
68,50,1197,25
68,51,3426,62
68,52,1271,19
69,1,931,25
69,2,186,8
69,3,459,16
69,4,2162,20
69,5,1873,23
69,6,1552,27
69,7,4836,68
69,8,1008,16
69,9,2292,34
69,10,3740,28
69,11,1744,30
69,12,2939,29
69,13,2688,23
69,14,2147,30
69,15,1635,17
69,16,1878,25
69,17,2947,43
69,18,4259,26
69,19,2199,42
69,20,1779,20
69,21,1582,14
69,22,264,10
69,23,271,11
69,24,2153,40
69,25,3013,44
69,26,408,14
69,27,1875,18
69,28,1318,14
69,29,350,13
69,30,2432,9
69,31,763,12
69,32,3153,31
69,33,1383,23
69,34,1296,20
69,35,462,20
69,36,1429,17
69,37,836,18
69,38,1103,16
69,39,826,11
69,40,788,15
69,41,1531,26
69,42,1839,24
69,43,1021,17
69,44,1790,23
69,45,1620,16
69,46,1392,17
69,47,578,21
69,48,2077,17
69,49,1301,21
69,50,867,20
69,51,401,13
69,52,1526,17
70,1,1930,35
70,2,711,17
70,3,1211,15
70,4,2660,47
70,5,750,14
70,6,454,14
70,7,575,10
70,8,791,19
70,9,725,17
70,10,335,16
70,11,2975,40
70,12,1134,12
70,13,1489,16
70,14,1960,22
70,15,1048,10
70,16,509,10
70,17,1229,15
70,18,286,9
70,19,1086,17
70,20,1425,15
70,21,1821,17
70,22,283,10
70,23,1623,22
70,24,1304,22
70,25,492,14
70,26,1210,21
70,27,2528,24
70,28,2418,18
70,29,2251,21
70,30,2452,42
70,31,2895,30
70,32,1867,28
70,33,1807,23
70,34,2573,24
70,35,967,17
70,36,1585,24
70,37,926,21
70,38,1489,28
70,39,1216,22
70,40,2911,35
70,41,1618,31
70,42,4127,42
70,43,3138,40
70,44,4602,44
71,1,4198,70
71,2,1501,22
71,3,871,25
71,4,6242,65
71,5,1364,26
71,6,825,21
71,7,7691,79
71,8,1336,16
71,9,2632,28
71,10,4029,27
71,11,1049,21
71,12,1452,44
71,13,1194,20
71,14,1118,14
71,15,2337,31
71,16,1687,31
71,17,2161,23
71,18,2475,25
71,19,1370,21
71,20,824,20
71,21,2412,49
71,22,758,15
71,23,5656,53
71,24,4083,35
71,25,4246,54
71,26,3574,37
71,27,3118,41
71,28,5911,71
72,1,3032,68
72,2,1709,35
72,3,2759,33
72,4,980,28
72,5,2857,37
72,6,2300,46
72,7,3353,33
72,8,1904,41
72,9,2382,51
72,10,3329,44
72,11,1772,37
72,12,2937,39
72,13,2792,52
72,14,2328,49
72,15,611,27
72,16,2611,39
72,17,4237,39
72,18,1043,31
72,19,837,41
72,20,1094,26
72,21,1946,24
72,22,1455,40
72,23,3878,64
72,24,3460,45
72,25,1733,36
72,26,3551,27
72,27,3462,44
72,28,3026,52
73,1,962,31
73,2,444,15
73,3,739,18
73,4,2192,24
73,5,1210,21
73,6,1158,30
73,7,605,21
73,8,2977,26
73,9,4115,36
73,10,1205,32
73,11,2365,35
73,12,317,19
73,13,2785,22
73,14,3007,40
73,15,2420,51
73,16,3771,31
73,17,2542,35
73,18,902,26
73,19,4610,31
73,20,29663,329
74,1,1589,31
74,2,1171,7
74,3,530,8
74,4,833,10
74,5,536,11
74,6,2157,13
74,7,631,10
74,8,1610,16
74,9,1992,16
74,10,1992,18
74,11,2215,16
74,12,711,17
74,13,434,10
74,14,950,13
74,15,742,12
74,16,806,21
74,17,542,11
74,18,666,10
74,19,1024,10
74,20,1484,11
74,21,1690,5
74,22,940,9
74,23,1436,13
74,24,1984,19
74,25,1458,16
74,26,556,9
74,27,674,13
74,28,1880,12
74,29,612,10
74,30,1221,12
74,31,18617,250
74,32,428,9
74,33,1015,12
74,34,1180,13
74,35,363,14
74,36,1523,10
74,37,2395,24
74,38,1035,17
74,39,275,14
74,40,1102,14
74,41,494,10
74,42,661,12
74,43,619,18
74,44,526,16
74,45,3145,18
74,46,1002,17
74,47,1072,14
74,48,1764,22
74,49,2842,21
74,50,1199,15
74,51,1141,10
74,52,1943,31
74,53,1698,19
74,54,1432,11
74,55,1397,10
74,56,3486,44
75,1,1263,36
75,2,574,20
75,3,1534,24
75,4,802,23
75,5,859,23
75,6,406,18
75,7,1407,12
75,8,1117,9
75,9,927,15
75,10,1517,24
75,11,295,8
75,12,1860,18
75,13,2016,26
75,14,837,21
75,15,1209,14
75,16,1367,20
75,17,692,17
75,18,2048,20
75,19,820,14
75,20,689,17
75,21,2199,12
75,22,1842,14
75,23,1405,12
75,24,1060,15
75,25,1985,17
75,26,2927,17
75,27,537,9
75,28,1424,12
75,29,1303,17
75,30,1261,17
75,31,472,12
75,32,1280,12
75,33,1798,17
75,34,224,11
75,35,764,13
75,36,1029,21
75,37,545,18
75,38,1782,17
75,39,1934,26
75,40,1844,27
76,1,3371,59
76,2,2825,49
76,3,1179,32
76,4,2596,35
76,5,1661,35
76,6,1843,33
76,7,3241,35
76,8,1393,37
76,9,1452,40
76,10,1882,29
76,11,3345,36
76,12,887,23
76,13,2293,44
76,14,3736,34
76,15,2329,37
76,16,2523,23
76,17,641,30
76,18,930,19
76,19,3830,47
76,20,2971,29
76,21,5690,59
76,22,1774,30
76,23,1308,27
76,24,2200,33
76,25,1615,21
76,26,588,29
76,27,2233,40
76,28,3825,47
76,29,4610,31
76,30,1684,41
76,31,3863,42
77,1,1905,32
77,2,994,13
77,3,1540,13
77,4,1274,13
77,5,1613,13
77,6,1929,10
77,7,835,15
77,8,1421,14
77,9,1524,14
77,10,1365,14
77,11,1930,13
77,12,531,10
77,13,317,9
77,14,601,18
77,15,1694,16
77,16,304,14
77,17,1999,15
77,18,1376,17
77,19,1694,16
77,20,1148,18
77,21,950,17
77,22,531,11
77,23,1067,18
77,24,1694,16
77,25,1758,17
77,26,476,12
77,27,2887,38
77,28,1694,16
77,29,1974,24
77,30,3281,21
77,31,2266,20
77,32,1850,18
77,33,920,12
77,34,1694,16
77,35,1018,14
77,36,2394,18
77,37,1694,16
77,38,1351,26
77,39,496,18
77,40,1694,16
77,41,1875,20
77,42,970,15
77,43,1798,29
77,44,1141,19
77,45,1694,16
77,46,1601,26
77,47,1694,16
77,48,1608,24
77,49,1694,16
77,50,858,18
78,1,1454,29
78,2,1255,13
78,3,2087,16
78,4,317,10
78,5,857,12
78,6,1307,17
78,7,486,13
78,8,866,14
78,9,780,16
78,10,355,16
78,11,859,17
78,12,808,20
78,13,441,16
78,14,1617,25
78,15,1361,16
78,16,653,11
78,17,961,19
78,18,2242,26
78,19,1591,22
78,20,1558,21
78,21,956,16
78,22,1174,11
78,23,802,16
78,24,1747,24
78,25,1299,14
78,26,200,9
78,27,546,21
78,28,1924,18
78,29,956,18
78,30,1990,23
78,31,840,14
78,32,254,12
78,33,710,12
78,34,199,10
78,35,2161,24
78,36,477,18
78,37,3158,47
78,38,2832,58
78,39,3441,32
78,40,6363,69
79,1,2653,32
79,2,1158,13
79,3,580,13
79,4,838,13
79,5,1000,13
79,6,1059,14
79,7,1199,13
79,8,999,14
79,9,1276,12
79,10,1010,27
79,11,2641,16
79,12,2381,19
79,13,426,16
79,14,1131,14
79,15,1095,14
79,16,1273,25
79,17,2230,18
79,18,824,16
79,19,1699,17
79,20,597,16
79,21,978,8
79,22,897,10
79,23,733,9
79,24,667,17
79,25,2474,26
79,26,2238,19
79,27,1761,25
79,28,629,14
79,29,3017,20
79,30,1883,17
79,31,1271,20
79,32,341,13
79,33,860,17
79,34,1536,20
79,35,1760,20
79,36,1047,17
79,37,1231,9
79,38,858,16
79,39,326,17
79,40,1671,32
79,41,323,16
79,42,833,25
79,43,1598,14
79,44,765,13
79,45,2540,19
79,46,2302,36
80,1,1370,27
80,2,213,12
80,3,473,16
80,4,2583,18
80,5,1653,11
80,6,1070,10
80,7,256,14
80,8,313,14
80,9,937,7
80,10,1101,11
80,11,1433,12
80,12,1397,10
80,13,573,10
80,14,660,11
80,15,372,9
80,16,668,8
80,17,1070,17
80,18,1147,11
80,19,1358,15
80,20,948,12
80,21,1375,13
80,22,2100,13
80,23,1319,15
80,24,1629,21
80,25,363,16
80,26,2524,15
80,27,691,14
80,28,1038,10
80,29,1167,12
80,30,1162,10
80,31,127,10
80,32,860,17
80,33,1914,14
80,34,1324,17
80,35,76,9
80,36,585,12
80,37,2658,24
80,38,1171,14
80,39,1841,12
80,40,2115,19
80,41,1416,10
80,42,767,19
81,1,2545,31
81,2,1513,16
81,3,1445,14
81,4,1819,14
81,5,1967,14
81,6,1613,14
81,7,1351,14
81,8,1301,16
81,9,1695,10
81,10,1867,13
81,11,1570,14
81,12,1530,14
81,13,1315,14
81,14,2180,14
81,15,1055,13
81,16,402,11
81,17,1069,13
81,18,1429,13
81,19,788,15
81,20,2376,19
81,21,761,10
81,22,359,15
81,23,693,19
81,24,2123,18
81,25,819,18
81,26,1304,10
81,27,1275,18
81,28,1243,18
81,29,1700,32
82,1,2361,34
82,2,2339,17
82,3,1633,14
82,4,2219,15
82,5,2522,18
82,6,2007,28
82,7,1862,18
82,8,987,17
82,9,1358,17
82,10,1306,15
82,11,745,11
82,12,883,14
82,13,776,16
82,14,553,16
82,15,343,15
82,16,1293,16
82,17,465,18
82,18,999,19
82,19,2417,34
83,1,1161,30
83,2,2816,30
83,3,1857,24
83,4,1829,22
83,5,1106,8
83,6,818,23
83,7,1083,22
83,8,437,14
83,9,809,9
83,10,1694,16
83,11,1732,20
83,12,1933,22
83,13,2660,33
83,14,894,30
83,15,1425,26
83,16,885,17
83,17,3823,25
83,18,1250,24
83,19,480,15
83,20,809,9
83,21,753,13
83,22,776,16
83,23,1589,16
83,24,2161,22
83,25,1720,16
83,26,3441,32
83,27,712,13
83,28,1080,19
83,29,3044,36
83,30,2516,19
83,31,1375,31
83,32,2109,27
83,33,1549,20
83,34,2372,30
83,35,1589,16
83,36,1240,24
84,1,2472,33
84,2,1909,14
84,3,2184,12
84,4,2110,16
84,5,1909,14
84,6,887,37
84,7,1174,21
84,8,660,19
84,9,787,19
84,10,2301,23
84,11,1025,13
84,12,487,10
84,13,765,18
84,14,1361,13
84,15,681,18
84,16,825,13
84,17,320,12
84,18,1640,13
84,19,1045,15
84,20,389,14
84,21,1719,26
84,22,1918,18
84,23,398,17
84,24,1483,15
84,25,3310,41
85,1,2268,35
85,2,250,13
85,3,677,11
85,4,1278,15
85,5,1530,14
85,6,1042,13
85,7,992,27
85,8,861,40
85,9,3305,40
85,10,5444,65
85,11,5125,65
85,12,932,13
85,13,193,14
85,14,1385,15
85,15,1395,13
85,16,476,11
85,17,1073,16
85,18,962,10
85,19,2352,19
85,20,491,17
85,21,451,12
85,22,1168,10
86,1,1272,33
86,2,655,16
86,3,758,11
86,4,1467,19
86,5,2273,18
86,6,1047,12
86,7,1768,22
86,8,779,15
86,9,1000,14
86,10,735,17
86,11,1544,15
86,12,2334,14
86,13,422,10
86,14,133,11
86,15,231,14
86,16,76,9
86,17,889,23
87,1,1321,34
87,2,1627,11
87,3,1150,12
87,4,1902,15
87,5,1715,13
87,6,1071,13
87,7,1633,31
87,8,686,12
87,9,2612,16
87,10,2000,11
87,11,919,14
87,12,1426,19
87,13,1198,19
87,14,750,12
87,15,1444,14
87,16,1345,20
87,17,1772,15
87,18,1164,19
87,19,559,15
88,1,3112,36
88,2,1762,14
88,3,294,10
88,4,846,13
88,5,856,13
88,6,1497,19
88,7,1467,18
88,8,952,14
88,9,1192,11
88,10,264,10
88,11,1743,15
88,12,445,12
88,13,957,13
88,14,963,12
88,15,698,12
88,16,1279,12
88,17,2673,25
88,18,1040,17
88,19,766,17
88,20,1666,16
88,21,2503,15
88,22,996,14
88,23,874,13
88,24,1991,22
88,25,202,13
88,26,868,15
89,1,1106,25
89,2,647,8
89,3,1130,12
89,4,1079,12
89,5,2026,16
89,6,1260,18
89,7,1488,12
89,8,1985,23
89,9,2325,26
89,10,1565,15
89,11,1965,17
89,12,1080,17
89,13,1397,18
89,14,671,14
89,15,2970,49
89,16,2586,40
89,17,1321,19
89,18,1743,23
89,19,1768,20
89,20,629,17
89,21,2259,20
89,22,702,19
89,23,4238,43
89,24,1660,21
89,25,2450,20
89,26,1278,15
89,27,834,20
89,28,2618,21
89,29,902,13
89,30,1114,10
90,1,1793,34
90,2,1270,15
90,3,134,11
90,4,1224,20
90,5,654,20
90,6,711,17
90,7,430,15
90,8,449,14
90,9,994,12
90,10,229,14
90,11,868,14
90,12,522,16
90,13,407,6
90,14,2091,19
90,15,1509,12
90,16,1536,15
90,17,3261,45
90,18,345,17
90,19,2133,32
90,20,551,13
91,1,2044,31
91,2,1516,14
91,3,1035,15
91,4,2126,15
91,5,245,15
91,6,1109,14
91,7,316,12
91,8,976,20
91,9,347,13
91,10,874,13
91,11,2696,15
91,12,1732,13
91,13,1053,30
91,14,2797,39
91,15,907,13
92,1,2915,32
92,2,1438,14
92,3,2326,18
92,4,991,11
92,5,819,15
92,6,361,11
92,7,805,13
92,8,2297,16
92,9,889,11
92,10,865,13
92,11,2634,21
92,12,291,12
92,13,1088,19
92,14,3083,16
92,15,642,17
92,16,1915,12
92,17,679,14
92,18,1690,17
92,19,894,21
92,20,1800,21
92,21,1202,9
93,1,1641,25
93,2,882,12
93,3,550,15
93,4,1900,20
93,5,2013,18
93,6,666,16
93,7,970,13
93,8,1292,15
93,9,1429,17
93,10,946,17
93,11,1029,16
94,1,1779,32
94,2,1306,13
94,3,2817,12
94,4,1397,12
94,5,873,14
94,6,793,13
94,7,2685,13
94,8,1552,12
95,1,1793,33
95,2,401,9
95,3,911,15
95,4,1873,26
95,5,1206,18
95,6,3390,42
95,7,1046,17
95,8,398,21
96,1,2884,37
96,2,1213,15
96,3,822,14
96,4,1084,13
96,5,594,18
96,6,1354,17
96,7,1778,11
96,8,628,14
96,9,1428,13
96,10,909,10
96,11,894,18
96,12,797,12
96,13,1837,15
96,14,560,17
96,15,1156,26
96,16,1509,15
96,17,264,10
96,18,290,12
96,19,1349,20
97,1,1482,40
97,2,724,19
97,3,1926,20
97,4,2352,37
97,5,1027,18
98,1,4893,75
98,2,1336,23
98,3,673,11
98,4,3273,45
98,5,3435,78
98,6,4476,66
98,7,2824,42
98,8,7981,83
99,1,3075,39
99,2,2880,18
99,3,407,16
99,4,2488,16
99,5,336,13
99,6,2749,32
99,7,2922,22
99,8,2538,21
100,1,2120,32
100,2,881,13
100,3,1863,13
100,4,1059,11
100,5,326,11
100,6,591,18
100,7,1271,15
100,8,1291,17
100,9,2206,25
100,10,596,14
100,11,1953,19
101,1,1193,26
101,2,448,9
101,3,721,17
101,4,1995,26
101,5,1232,24
101,6,1361,17
101,7,1582,14
101,8,1337,16
101,9,153,9
101,10,334,13
101,11,315,8
102,1,2035,32
102,2,1439,14
102,3,793,12
102,4,1333,14
102,5,1024,20
102,6,778,11
102,7,1563,18
102,8,2198,21
103,1,1183,25
103,2,1224,15
103,3,3121,52
104,1,1051,33
104,2,1015,16
104,3,847,15
104,4,1076,17
104,5,407,16
104,6,503,14
104,7,1191,18
104,8,357,14
104,9,297,10
105,1,2224,44
105,2,1623,19
105,3,718,20
105,4,1107,18
105,5,585,15
106,1,1548,29
106,2,1360,23
106,3,1554,18
106,4,1993,26
107,1,2968,38
107,2,2146,17
107,3,1296,20
107,4,406,11
107,5,1644,20
107,6,1104,13
107,7,430,14
108,1,1756,35
108,2,717,12
108,3,1077,15
109,1,1332,35
109,2,681,14
109,3,779,19
109,4,723,17
109,5,779,19
109,6,324,14
110,1,2424,38
110,2,1771,31
110,3,2715,30
111,1,2061,34
111,2,1432,19
111,3,1590,15
111,4,787,17
111,5,347,15
112,1,1006,30
112,2,231,9
112,3,240,12
112,4,311,15
113,1,2138,33
113,2,1361,9
113,3,2567,15
113,4,1954,20
113,5,1443,15
114,1,2039,33
114,2,232,8
114,3,178,8
114,4,1496,17
114,5,1415,20
114,6,327,13
